customer_unique_id,recency,frequency,amount_spent,segment
ec7f1811826ab04a27a92197bc40c888,258,4,422.89,3
da0440138fea4368af70b5cb01126a9c,374,2,156.89,3
16a23480d3c92eb40e134844d52aa63e,132,2,104.9,3
ff922bdd6bafcdf99cb90d7f39cea5b3,353,3,94.79,3
035e7cd88b7450fd33efeca817081a53,62,2,125.61,3
bf429f20c75a39eab83442cda8e59832,156,2,209.9,3
6814507660c72078cbada9b3660683dd,402,2,50.55,3
a124666e823bbd5fb77a72afc8c1360c,486,2,54.0,3
589211c7448e6c3b58b0ba98ce089ee7,248,2,85.98,3
2c3ed77b92cba1f5622b5ccaa1792b8b,218,2,354.9,3
0a1f83858e65e141609fca9ea70a495a,46,2,118.0,3
d66f438b3fcdcf22e7224aaeaf525443,282,2,108.0,3
05ef855308303397f1427f29470bb6ab,167,2,43.89,3
e1cc1be2730188040748affa422b2803,166,2,66.9,3
8ac0c45f8e89a3d25738b3700ee9e132,404,2,135.8,3
f5d32f2ee3d4caec1870de481c276bd8,88,2,150.9,3
6c70bee45f245a4ebeddb2ece21b567d,426,2,542.0,3
c0ceb197de4a31388883a6369ec291d6,67,2,52.89,3
5616f75d22507069b5383854a1d8c414,188,2,399.8,3
a783997c6d6e57782d4d2dcbc5c9edaf,179,2,248.9,3
b2e9a05d23ea17713b5d7799f2004f8e,36,3,610.27,3
01c289bb06354cdc7e6549570f20ada4,250,2,79.98,3
56d6d1ae03e95325991e4c77bf3cbe53,113,2,220.64,3
8f9c0dc510c12654a35d2add7a6c5d34,297,2,99.8,3
cbd08b04b3f301152b7570da5e9c8cc4,351,3,1189.6999999999998,3
ea3f9ba2162d33a56fa8ff315f2c38ce,205,2,292.0,3
9403bc2d1bc24edda854c1c389c14da1,282,2,81.99000000000001,3
989aabc133cd6097fb2fc9c4a919af4b,74,2,75.8,3
26d1b63e9b8478f84f87188c4877049e,390,2,440.8,3
771f344c1ac13d8ccdf2d14c48e2c6c3,410,2,69.8,3
a3dc27d87234f862d7e61a0148c77fa9,142,3,97.54,3
ecb2bbf5c566fab74d5ab5f3cfd2ba19,118,2,68.8,3
d2c30c00f9787faf7349ea558c153613,77,2,289.78000000000003,3
57c6a5ac88fde55944675cc79c4d5db7,147,2,97.99,3
6f36e0165218ac7ae521d8e44739e703,219,2,228.7,3
c7fb8ec1ea35af7e89f989b6e17e2bd8,302,2,569.8,3
f1bee02ceae8a430506b798786f766b4,148,2,88.9,3
f8bffe1586fdae62dd3646353a25f958,185,2,276.67,3
060f9ea0a180843fb91d4923b6d01bea,176,2,576.8,3
0dd933d1e0253343083013791bf5d5e9,282,2,162.9,3
6316cfb9fc33f7962f7459a3bc144a89,154,2,169.78,3
79fa3eb416c3933311c949121225649f,270,2,52.98,3
e395de53a61a2f8fa96ea1ca399c3ff5,350,2,359.9,3
f95de29d9e810e69f55626ff1bbd4d60,239,2,98.0,3
66ae4493fc7c710a8db6d9620901f40d,66,2,124.9,3
b222983612ccf9940049ebca9c555130,72,2,120.89,3
8f710f0d7e8dab5c8c1135e63b44de7a,328,2,109.79,3
c4a0864ef7d2deb7cdb86898faf6ffa6,211,2,49.98,3
95828271d6bee6d5eedcd00e639d67a6,18,2,120.89,3
b7474898d0dccad79a77bf2b0d23bbab,86,2,158.4,3
b3ccfe9606744e8b2757954a125ea1a6,446,2,109.89,3
77784ec016bfbcc51d2394d1632f0d3d,39,2,143.46,3
a900ff99a192cbaf6ae8e867a95117a3,29,2,145.0,3
46ed126bcf1df6e195dbc63d7c320983,13,2,229.8,3
c169c9937db997a267f749cdd64c161f,481,2,377.8,3
08f7cf00ed9ff3e0a08fc136ec272974,366,2,214.89,3
e079b18794454de9d2be5c12b4392294,445,2,113.98,3
0fd39b61ec94864f92e18e5d7144bc6c,160,2,179.0,3
4e2d666f4bbc94a8ded712172a433d65,138,3,120.89,3
c8e2ea7e324f7dd660e7481ec85bef3c,91,2,133.89,3
0b51518c7deffd54b13b007c9f91c3f0,61,2,256.59000000000003,3
1a24445f0e6006e4336ecba4ba576e4b,232,2,111.7,3
e77723abebdc6d6b95814047f75c2aab,260,2,205.0,3
bf6656ef50e6fd00e7517b01d615b4f3,373,3,237.74,3
a484d6a80277ccf24d9980cf34c47546,352,2,102.8,3
54c7b4f48fb9e911bf328bf9884ca61d,397,2,99.98,3
c48322635a138a5714e55d9113d0e266,413,2,393.98,3
71048f40f553973d48d6fe35d01a3afb,151,2,132.32999999999998,3
77479db0fa60ddc453f3743abc02be23,460,2,90.9,3
6a7e7be8e652da4e4777866459f9b007,204,2,129.89,3
b2bd387fdc3cf05931f0f897d607dc88,181,4,339.33,3
013f4353d26bb05dc6652f1269458d8d,278,2,212.9,3
397b44d5bb99eabf54ea9c2b41ebb905,77,4,1110.0,3
3fe3e628c6c7a15ae96416826a4c5952,15,2,368.99,3
efd22f5f8fc7e5035a4f48bd92c0c69c,159,2,35.55,3
a40096fc0a3862e9e12bc55b5f8e6ab2,326,3,63.8,3
6c722fdc0ca8a586dcfa980f2f1278eb,366,2,104.57,3
3b6f5d22fb32e6ac2fbbb944b18cf1bb,405,2,100.99,3
8b433c0e7b7d2a1f1148b4277cc673f8,141,2,299.9,3
e4f218d824a59b96c4399ad182327138,169,2,189.8,3
695dee4c200e4cabdfdb01287f5fd29d,184,2,225.98,3
7589544c08cc5de364cad85ee73f4b63,70,3,134.70000000000002,3
5036f4227f2e546879f581d8fd3e6ec6,400,2,87.89,3
80e00a7b9ead7590bf05116f0237c896,212,2,235.9,3
5126071e8e67f61789f6ce9f3af56143,256,2,423.0,3
9194f9aedc33b4f984bcdcc7da7461f4,107,2,74.6,3
c658495c41a24ef33a852db6840738a1,235,2,64.98,3
212de5904c4fe864c3a66f26d3043d97,353,2,212.99,3
043aee247e71edff7045664609f4d806,412,2,229.75,3
eb8367e178d144706a4ff3da62d284cb,325,2,80.99000000000001,3
f50ca6544a0ed8a52cc964e15cbe9cf9,327,3,283.3,3
0ceb502fc33a2ad327b08288c5310e2e,110,2,109.87,3
ea94f7a5177a14fde12ff625b03dcd7a,128,2,121.3,3
fed519569d16e690df6f89cb99d4e682,168,2,249.9,3
cf26c0ed98d29abab5c9fe2643f88d19,521,2,29.98,3
c863f613022e5ce024c630ffa65ab51d,172,2,139.9,3
ae3e48f07b8242fa45f29dca1ce36a08,86,2,64.9,3
415b073d153528fa1ed35a42e39945da,64,2,71.2,3
387b38ebe598313ef56ef3df19b192af,41,2,67.0,3
7e7301841ddb4064c2f3a31e4c154932,50,2,247.8,3
574e36a816bf7a295404e686062fc0de,129,2,159.6,3
e1cf735f320c9870c2046dbbc634fcec,556,2,59.98,3
50a662e7d7e7e2a94112a4f15a37464e,432,2,399.9,3
99da196553d9b67b1c762a712a8caaf6,283,2,493.24,3
2280ecb8db2591c39d1c7d3e9caa115c,371,2,85.89,3
1b7733821d1e0ec8907bbb441271f80b,332,2,120.8,3
b1c936c1a71a46cf4b840a9851486d86,291,2,43.49,3
95cfb39a7e263160308a934e42cfc4e0,287,2,99.89,3
a00a13ac36037d575bb016caf8f50d53,513,2,53.49,3
c9c6d353f4101827b3dbc83b093b2fe6,514,2,134.89,3
2f118e666b41b76a61d8cdbbc19f7735,64,2,325.0,3
bd0512ab6c631a62fdc974a682600f56,342,2,284.89,3
64df076fb557552498049bb07ed1cd5f,115,3,149.97,3
8d6512fa0e1c5cdbd789b956de79fe2f,457,2,363.49,3
4f2029f4e7aea8455f5c1cb9de0b7ccd,346,2,448.9,3
6e08abf5cfb67eeea9e48463da288788,99,2,238.0,3
b9fba7ed7a4f5761ffd6c407ad764503,73,2,160.0,3
2c961ee955abb3ac9a80babd54ed4156,218,2,130.9,3
e0ec2e3c3f6e06839e8fb986be65c7c5,308,2,113.98,3
5568fb2b583235812ed08eb9587d0465,25,2,198.0,3
2d0aa39055b967248bf551e220b55f59,188,2,31.24,3
bbf65e7823171a84e70a495dd6c34ceb,81,2,270.31,3
f87108f2ff59f6cbc898ca230483c0ab,291,2,95.89,3
b8f77228f32fce5c13df55da21fad23b,206,2,258.0,3
f596242db91986b554f25768577cd5be,441,2,569.99,3
f11821d908830e74ad782532ebed897a,378,3,137.79,3
9fbc6085aef8a6c39c5c177e7634c4e4,46,2,88.99000000000001,3
83424549593093baf504ac260d4615e7,471,2,221.8,3
2dacd79aa5d1a86240b37b6c588de551,186,2,300.0,3
987fadd385777d8f27edac709bc9fb61,283,2,118.0,3
04fc637963fe982dd25ac58e4f4770c1,161,2,88.95,3
58075e17e770fc08571c3e0f452f6a11,424,2,128.57,3
a1bb96820529725c3c79a77c69e7e792,451,2,52.9,3
8e2c92b2442298bd653b0e9aadf4c313,355,2,127.89,3
d0924cc48eeb9e613a31e365ba1db47d,216,2,201.9,3
9fdf694ddd72ea586dc72ceb7a0d2d91,209,2,169.89,3
33b141e373b4f251b033f9ed33d6974d,125,2,182.4,3
fd0e843308b676214ea30ea480295e3e,560,2,54.65,3
4658b26bcea972ed0b86a5f8c61718be,84,2,425.89,3
4fcf7b9d6a54ded837b9a0ff601bf7ef,198,2,322.0,3
9e174aadbc877e3c42ca03babfd157f8,398,2,149.89,3
4473c7b8da89833fc08fcd3443faea81,200,2,33.8,3
6f8e7d40046694539c87b98cb5096a28,101,2,59.97,3
668ddbdd3ee99d4339eadfef21531d45,401,2,155.99,3
bbfa16828a49c356b46dcbea56ded834,50,2,130.31,3
f5344c7feb209d1e8a9de5d60ed79331,398,2,153.51,3
b59e4bb4efe81ba0f7d30cff6734f9a2,272,3,250.62,3
b4b0901bb872cf9972b32a05733b3394,36,2,363.62,3
089bc915af34d9041b3a88a1aa84292b,231,2,93.15,3
ecc693b513a0c362c8da8e6beeeb545a,75,2,236.74,3
85f1c5f9eee209d9dfb0a3e155209511,186,2,96.8,3
09bc7afc3e8d8dccaffd0b16944a91fe,397,2,239.8,3
e2889baccec81ed3bed4d66c1c675cb2,279,2,173.2,3
083ce299ea3fc1eba79bd0b17f64555b,10,2,88.89,3
ef3e32f1b8658891add797672f995cc5,314,2,113.98,3
f71da337f7e2b3a70c74fa505f0f6ac9,12,2,59.98,3
0ddba04798f1c085d0ca93af0e91f6c1,200,2,142.8,3
ff03923ad1eb9e32304deb7f9b2a45c9,99,2,220.64,3
d4a5e9f19897de65433c9d97bf4b9f8e,47,3,415.0,3
821e75291b1ad362e614c0ea79fc95a6,42,3,480.0,3
c4ebedb09beb89cc0314c5c0c33f8053,219,2,209.84,3
63cfc61cee11cbe306bff5857d00bfe4,97,6,417.83,3
30a81e307f19e822e7199139fe52b1b0,170,3,82.88,3
4f4a4c713a7892d9db23f694fc647d13,214,2,178.8,3
4cfa5155cf7cff8eb15e0b12041d058e,29,2,189.89,3
78fb70b5aa609b4b55c6ef3d0cb51faf,278,2,46.8,3
0058f300f57d7b93c477a131a59b36c3,164,2,132.48,3
929b8bad532f969fc414b7831ff3360d,393,2,243.26,3
b525fc8cce07342fb00ab3b2667c8eb9,280,2,70.49000000000001,3
c8460e4251689ba205045f3ea17884a1,25,4,680.0,3
e8bab621313ad2a3c0ce8e3a023ff9bb,347,2,466.0,3
e6ae3727da5a849a77c47c7d661bd152,79,2,85.9,3
934e91b0e98dbbeb3649cb1091cca051,284,2,355.9,3
9e527c9bc89a4228e5d8e136712ec63e,328,2,128.9,3
323ff9fd6b4a3edcdf3039e1fb213eb6,59,2,347.0,3
b8d31a82b1bb71983bbc08e4751baeab,259,2,480.0,3
55fbb64f60861980e74c4f136f304297,29,2,15.13,3
69e4074cb5368c1539397e4ea570757a,203,2,159.8,3
87c907fa30dd1bd3709c84b912b50c7f,224,2,304.48,3
547d0504ca415eb4864fa3030f73d3f3,224,2,45.89,3
daf8072197465eabacb942e6f644585a,386,2,41.0,3
10bf8afdd66da75c386fbacf04c85710,163,2,259.8,3
e7aa3fbe88423a0132e45578023bac50,430,2,59.8,3
a017de101a9c4fab4995c1bc81e737ea,106,2,107.8,3
eed4189bfc1ea0c708e927cf93d63bdf,236,2,397.9,3
6a9e15d6fa8ce1cabf193c21aa577f64,28,3,236.8,3
f62d6572c9c25b3796d058d7b833f8b7,449,2,169.8,3
e5ec513f807eb586f0cb8ab492f59e13,191,2,65.99000000000001,3
434825743a3426c100c479f571816a81,412,2,50.8,3
2f293b442348c20d12aa4537bd3d7234,103,2,289.8,3
a4e71a98a7a1490fff07e7a65cf06be2,327,2,260.8,3
02e9827c15167f699df7bf90d326ffdb,148,2,45.98,3
8e0275b5c7fb6f05e312a1079a674410,269,2,273.9,3
18e1192f2a6be73c4365dbc29eb7a6f7,200,2,139.98,3
5f66ee1b2e030748fdb83ab9b01a7064,348,2,204.69,3
9ab9e6724cc65e59593099f18081fd35,315,2,159.8,3
7c5198d8a67f7da5930f067766cb468f,20,2,249.9,3
75bbb6b481a1df1689bb769e63ec3acb,209,2,113.98,3
b03155da610163a1626f1b99d4787774,39,2,218.0,3
c40388c86f0334d1d69f33fc43322a8c,585,2,154.9,3
f97ab9c166ca8d6f5313653ee439a6a8,13,2,43.29,3
d970a2354b55cfb67fa5840b9b4936ed,35,2,215.0,3
1b6e96ed99cb8d135efe220d761bbd67,18,3,52.79,3
accd68fd87adda3d6360d77daafd964d,29,2,296.98,3
51378a8908cdc12c6545fdf842383c97,534,2,878.9,3
e219a439f6ca99e32824bcc7153969c9,46,2,284.0,3
2f87ccd8d2d676d667a844ee5c6a17bd,228,2,362.0,3
5c4b7aa014e584d78525c38717510f01,480,2,262.9,3
3af90f255e824d1d53b3584a4e89ad58,115,2,135.0,3
83915016a26b0ca42e3caf1070664d1f,25,2,37.79,3
1f2c5059dad2c277b3b338163b49ca73,198,2,227.97,3
31d4b05ef830a7347b8f43640eb6511e,557,2,284.8,3
0d51e04ae0b1d341e4f49812d1f4fbe2,109,2,159.89,3
5b26618da34612cc4947bbf6ef4fb67c,197,2,228.0,3
32e93651fbc6d641cffdc40c50d982a3,524,2,269.79,3
b26fa76ddf33e534491e4ec46f51bc64,384,2,109.8,3
bc98051cee7c0111167e6f40a4ed76f6,171,2,289.8,3
439624e26bc73309799fd718773bdb8a,272,2,118.89,3
5b2c2b2a8d9e890debe309928d321f20,433,2,149.8,3
6faa792efdf7c9c6eb7cfdf68aa5e581,328,2,238.99,3
d7e0432688bbd72d3567568903f6117c,214,2,162.4,3
206b04b38a5dc8404458ec16edeca606,108,2,192.89,3
a30af9d68fbfcafb8451854c528587f5,40,2,94.89,3
fdb47f6659321662dce6524a8c629d0b,270,2,380.64,3
ac987d464574ee0f743f9b630f937a27,337,3,449.7000000000001,3
819c65629034acc8a0e1c096c2c6715d,34,2,229.9,3
1412559410af5e92c35e053fd6acd006,215,2,174.4,3
3a502a4d1e63887120fdc3b323224d70,298,2,88.21000000000001,3
752041fd42cbe3a4f4dea0d68a0a6edd,523,2,86.96,3
e1224167b1a3f92781c2ff55b0b794be,199,3,111.6,3
7bf5c9596fc39d41078cb46a86b23831,242,2,255.89,3
032b3a42598667caf2e099999b9dc1b9,40,2,323.79999999999995,3
53e4d5ab8287848319f0220d47ee7ca0,89,2,159.89,3
c902f3ef39179b58e803da196af3467a,280,2,89.2,3
0ad1d79346c3b98b517348ecbbadfbc6,73,2,138.9,3
3e5dd5efb71f831fffee3735c9e41e87,201,2,142.8,3
b619178eb4f697c3283943612910230a,165,2,119.8,3
59bba92de9b8f6be0808e4d9d64b4b43,435,2,179.89,3
44e64b7162915525578f601e73e72b16,132,2,37.5,3
5e0aa142dc4760e62a74c1830cbf91b1,199,2,399.8,3
282dc4abbf2759fb9bb77217f5cd6c4c,271,2,249.89,3
2fa63db193ecb500d4058cae36026f8f,132,2,278.8,3
cee86ef4954e9d77f02cbc2276dd75e7,106,2,419.8,3
698a9cafcc15cac8cdbaee64adc6efbe,216,2,178.79,3
2bd9d2f3cc5d99b1b3d9ff5acd81bd5e,300,2,71.9,3
acea13a79aeaf715ba68122e9deb330a,20,2,82.0,3
2dd7f52683f631651a5d94056935e1e1,202,2,149.9,3
ec1a46ef8409aca3b3f94b01e02d6582,151,2,210.0,3
e0836a97eaae86ac4adc26fbb334a527,6,3,62.98,3
5709900c6ded8af6dfb28b043943368d,116,2,116.98,3
3aa71d539bb760f054b280604391602a,275,2,124.99,3
4bbaf6f7a10a7e26a8777aa5cb6d5864,169,3,123.79,3
1cbda36ee89944baa7a738ddbdc4679a,116,2,501.0,3
186638bdb0f600c9bf2bd60e4b14537c,81,2,100.9,3
664fe7916cb8709c6b848383c6361dcc,312,2,378.9,3
4011b7579e894fa929d2de97b4928f41,178,2,778.0,3
0ef7b906320b21fe4d39f99496aaa2d8,29,2,169.98,3
4d5cbb095f36a674f6f4a852959ad11d,149,2,59.9,3
e9e96ff4f36a319a3621b95b43343532,234,2,88.0,3
906a8a4ec9f3d4c3e64fa6d1c4fe6009,45,2,355.0,3
5c2b5c09534917d37857557d37ed9205,78,2,296.8,3
c27a30338b5d9d59399825f77e7dcc61,84,3,308.0,3
dff33bfc45ae0becc55ce9b50acd4073,195,2,356.9,3
662d88cbd178177a50141111d3a6932c,215,2,56.4,3
3b97119ab53db4ae0144dff13c2ee26b,89,2,1117.8,3
ce60a50b73f7934a7d4caa92f2f05bbf,366,2,127.9,3
65663adf8c7a498b79e57ff84ab2b654,282,2,170.74,3
e9dd12dca17352644a959d9dea133935,137,2,74.98,3
d2560fea402745a0f20f542f829c6109,447,2,27.96,3
a8060584a077038962852f3184a4571e,30,2,423.9,3
ab58f2fb5f71caac6366303095c0cd41,120,2,223.39,3
f4af0b3f627879bf6801db96949b1e71,377,2,250.9,3
525236008daa62b6022f35142ef864d3,211,2,209.89,3
3c25f47ab68536a1d3d6b29b9c8b7e63,278,2,95.9,3
11395124061744bf276aefd8073f3105,329,2,91.9,3
0e381ce773b382849206115413009851,30,2,112.59,3
179f496c6c02a7640d09f0843452e0fc,282,2,188.99,3
a5d3bfee5b23b430b95c4ae295e1028a,587,2,19.8,3
b4e4f24de1e8725b74e4a1f4975116ed,156,5,200.28,3
d6caf670c8bf91aed723f242cafb71c8,121,2,71.9,3
d3efd0ae3bee9c35f302e336aef87b99,511,2,134.8,3
149c19901ddcd1057deaabc003004a12,370,2,199.98,3
cdc8b0d152b868db7e28de59f642c94a,59,2,348.49,3
d9e97e176fab9b275f9665eef6151a7b,119,2,136.54999999999998,3
0cf46588cd3f5a23002166b5a1945820,318,2,239.8,3
139093b1c6e7e3108ac0469ce43bfb99,20,2,229.89,3
399a2a06a7ddefb3b09460ba6a1bcf12,118,2,66.9,3
b25a21b56a2d74da49e04cadbc9e0dd8,222,2,95.99,3
8e31f8c64b847de447636be1ced917f2,26,2,164.39,3
d75a854dd5534f42bfac3299ac2d0b33,173,2,204.9,3
e226254ce0c6d5b7a7ef7218c9b5b518,117,3,390.7000000000001,3
75ff587e87e047a7e00f75bbcab17c00,305,2,238.9,3
ab243cd9e788d689cc822380f59616e1,213,3,714.9,3
c9f3502cccf5585cea25aa7de58f6cb5,122,2,260.78,3
952bdd2866ddfc528203799b6b7a24e1,137,2,233.9,3
142575266950512b56af193f3962270a,197,2,196.9,3
b608532e04a3070b4b31178948f5c43b,115,2,322.79,3
24d27f115e367d9129a0e7a7a5d36866,291,2,718.69,3
719b416ebeb9f51638f343c4cc19f742,27,2,84.9,3
596f46e4d4b172098ad46d4d7880bcc2,156,2,98.0,3
37d2d1ac62901f9a36cff32ca86c9337,221,2,139.8,3
e6da0e9bb3545f5468975a2cf67ce246,507,2,69.8,3
db094faaa9628ba9f5e5da127407f139,68,2,90.7,3
21effa61d72771ba8315ab56ce7fb7ac,234,2,89.99000000000001,3
88c11a241bcbd239da19623bb23891a9,40,2,158.0,3
2e0a2166aa23da2472c6a60c4af6f7a6,308,2,272.70000000000005,3
8e49d21f0335c3013583f2b3f99f8e25,62,2,99.8,3
4e65032f1f574189fb793bac5a867bbc,80,5,401.08,3
b6551acfa77dba27fb288e08dbe02f84,228,2,159.73000000000002,3
13ac6da47fef1b17b16f511e03b57918,256,2,86.9,3
9202421110f6a19ddcf0b9b93602a0a1,94,2,199.8,3
e0233c751408137ec5cdde0c37e6a61a,261,2,248.99,3
9066d003674f53303ec2ac527e940a5d,425,2,29.99,3
60863e9f13562f664b73e6f76ff85910,31,2,68.99000000000001,3
7ea3dc64a652d699ace3048e904c561b,270,2,569.8,3
c9c7f143771017a9c61af26f7291f7a5,278,2,122.1,3
8961b4ca2c5aceb7a78ea72c6e0c840a,71,3,388.26,3
95ec7fc6a1605502060075958c3f9852,355,2,119.8,3
4bbba2a307995c25e9d635cc1a9700d0,280,2,304.9,3
96d3a3257161c32fe93aea0e38b16515,220,2,174.39,3
cb36d0f12c99d07935b706269045f613,93,2,164.89,3
1d627d8a6e1e33ea8eeeb7a17d998660,365,2,220.8,3
e38bf9a883752b0b65407a103fd7ef30,243,2,229.9,3
dc0274a25d881c813da7d55b7faace37,200,2,31.1,3
e05757dc57fc38f5156c82e9e4444f8f,223,2,477.99,3
065938485846aa5adc196cb536de42e0,191,2,384.9,3
ae0ef1d2e3a62b54a83dadad4db14f5d,123,2,270.0,3
d56ded4569dd9821b2f83710a56afbde,382,2,164.99,3
3ec83b54e0afb70def9480cd6b9097f7,187,2,299.88,3
cecc19ff12c206e6368dd1e9c22a848d,167,3,738.39,3
8b4447c69feb2b408e29edc0fe9d0253,199,2,186.56,3
015557c9912277312b9073947804a7ba,489,2,289.9,3
91b4cc37bd28118ddabe8e7692c78f2e,549,2,119.4,3
9c3a23565ded3e71fc8979579e8f091c,236,2,53.98,3
8dcf2096a68ce8212a3f534ab31ee23e,256,2,233.9,3
acc4424c209233de519e034152f30304,120,2,289.31,3
07bd3d18ecba2420a8934b34a26f157a,136,2,165.67000000000002,3
2dc7f51f05ba1b1a92608e45e55d1fe1,255,2,86.48,3
52e05f52b2ccd1945aafaae6ceff7ba1,282,2,217.89,3
6be28ae15cd1e7b3f3f36ac483512822,283,2,219.89,3
a9e4348b76f85861ada324e72dc92aca,143,2,309.89,3
c4063084f01f085897c04bcbd81fcb69,135,2,414.9,3
eb28e67c4c0b83846050ddfb8a35d051,349,2,252.78,3
c694ffd0ff6d172ecf34fcd4202c8693,13,2,278.8,3
f68cbab6cbaab1d6226e2dafed486578,281,2,99.98,3
94aea9aae532453c72b6afbfe0eaec10,228,2,187.46,3
0ecf7f65b5ff3b9e61b637e59f495e0a,692,2,68.89,3
ee4a5dab94b427525ea24bc30d4442fb,138,2,183.4,3
b1a8a0800eac99ec4d83d6ca350a690e,192,2,311.85,3
a44636f3316d0114566918bd02ef58bd,316,2,95.1,3
84514f009b40220330a5e42b102437bd,321,2,257.64,3
73de7b7b976fc6b75283b05f67fd6b5b,292,2,347.9,3
ce8b665ad7a00dfee2a4fbd19dedb82a,189,2,456.65,3
bf59acdae64e9900fd93e4847baa1978,330,2,121.97,3
696fca7af7f751e1749087433a92c790,42,2,119.98,3
7a350426024a624cef97f797c408db97,122,2,126.9,3
94e5ea5a8c1bf546db2739673060c43f,116,2,152.78,3
8f6ce2295bdbec03cd50e34b4bd7ba0a,33,3,349.9,3
91def939002d33dcbf6a038b5c879f7b,270,2,154.9,3
ecb43665c8c390857cabf385d918da87,373,2,173.26,3
f95407bbebadeb8eb236153ba339e998,84,2,163.9,3
8322ac348d132588470c5e8cc56b2bb8,165,2,286.93,3
91352e06066eef42b60b24049ccde4fd,11,2,155.9,3
57b5d9f9fa4f1ff41befbfbf0fcbc3ca,310,2,198.99,3
e5912280c9d8c14b4e7778df669dea07,33,2,89.0,3
8f567321ba12101dedc07c70b7021069,12,2,114.89,3
1647c6dc2941bd075dc5dd3448807bed,378,2,145.0,3
f8777c0c5c96632fe9ded01856cb8c82,324,2,332.23,3
9627e55290c60f562fa06f399ec6b82f,171,2,73.4,3
4897a3c64a635a703a71dd2d9189bffa,338,2,386.81,3
1a328a664417dc7cbff0ed7df49f5a3d,136,2,130.21,3
1bbf6de8bbe287cb474e57d437d72969,333,2,217.8,3
49eb3e27a6fc361609658d710948cef7,113,2,150.9,3
7bf1c59401206e31a78523077f3a1144,318,2,208.8,3
8d187f36fa18c60c2ac49e7a966d8ff7,16,2,237.0,3
3bab949ef05da8e9b3cfd541b6af0ffd,448,3,669.9,3
8492c2c6148ac3449374058371dc78c6,96,2,30.98,3
f733f4254cce4a375a82258c272d1549,96,2,103.8,3
62b8761192c86f4ead06f4a433096a2b,60,2,259.70000000000005,3
da8618694dda57a7eb9be2611e110f35,45,2,278.0,3
a327e19095ffb086d25f7ee477c9d3c6,581,2,139.8,3
0807baeeeaa1309effbd9a9dee41ab17,118,2,235.0,3
e9e9aa9ebf0957826090f74c9f5fd4e4,46,2,87.8,3
23b2d37ef78f3c8dcb31f5eefc30190a,193,2,32.0,3
11ebea68a1046fa3268cb278df2c4f31,264,2,217.9,3
f79c969a1665f477201e86ae6e036c30,454,2,252.99,3
77c213e10acbd145d50fcb035d0e86d9,146,2,183.0,3
c55821f6a2a59a93d4cde13a2ec14661,382,2,97.65,3
fcceb56470bf0b4d59caa87e111ca69e,159,2,74.7,3
cd915c60db8686f9a3dc35745aa1691c,18,2,123.9,3
967eb85deeab5124df2165cdada917f3,270,2,142.98,3
5b881f1b0bea55f5933b61c9a99c9ecc,200,2,211.9,3
9cc73b2f1f13d58e4e11389fde3e2402,24,2,203.99,3
f2ab7bd70a9a23df0dac0be98f038374,196,2,175.8,3
4f011f45db425dcd3be79d4c11e9ad05,448,2,184.99,3
970e5961383615662043afa2d9c68802,441,2,208.99,3
6084496782926c56bf04c556331bf884,54,2,162.9,3
70aa9ef908248a2ec9e03b77ce1ff357,104,2,424.9,3
564df947eb9192d7e1613b1b957cb192,48,2,55.4,3
cabef558b42bd1d2578afc81048e8415,147,2,64.89,3
da8f764b90a3b800f31d093c22cd3074,240,2,234.89,3
91c0ed5fde94a56b99e4ce6d43d0d6be,187,2,164.9,3
323f8f14acb90e50f86f1885b6b53c6d,580,2,173.89,3
22f6af8201369f9eb96592db3142b9c2,200,2,132.76,3
ce6160651998b40db0a0f3b9d69f7f3d,23,2,233.74,3
09ab36a420b5c87c5c9772bdb494f2e3,190,2,167.4,3
abc9e5b32caf6ec0c8fa356117b66d66,30,2,294.89,3
ff44401d0d8f5b9c54a47374eb48c1b8,471,2,39.8,3
f8daef44c2589a488bfed29f1be8396a,30,2,235.99,3
0b8ed32525608a907c7331b613b5b67e,277,2,75.84,3
6d74740d498504341df1e7f104daebf0,230,2,158.89,3
526126c9f6a2a58d226b574d4d6c2278,556,2,258.89,3
995facb032e4446a511762f5f842eb11,181,2,129.8,3
af0f26435fade1ca984d9affda307199,242,2,253.9,3
08b57f87bc889756ca453bf8106d48ce,71,2,101.7,3
9d2b062dc07734a1d7053478a7e83280,284,2,39.8,3
0f0b49d45120fcb28bda56e94bc85673,207,2,780.0,3
6eefa309faab7725bf4b9dce147e4ae6,242,3,48.8,3
4eb6fcfd481ef3c2ab3afba135ef4bcc,298,2,219.0,3
8329519e31cb1b89bd44c3c6ae417ad6,510,2,111.89,3
5dcc06236098340b984e6865ba850593,523,2,62.5,3
cef29e793e232d30250331804cdb7000,227,3,1690.9199999999998,3
e016365b624d1755f3e2d0e8f1631ebb,198,3,352.88,3
cde6577300fbd06655ff162902f15b2a,17,2,262.9,3
1fe11e8f0fa5bea7416ec09d6e8d2b4d,559,2,294.8,3
4e15fee963523774998876e3624952f4,15,2,169.0,3
00cc12a6d8b578b8ebd21ea4e2ae8b27,530,2,99.8,3
02b20b7c813efede140142ac610e36dc,167,2,172.89,3
2cff422ea56f68a1e1bdce4371b88d66,103,2,79.98,3
9afb61455d41afffa3ea550d1cfd832c,479,2,49.98,3
7b08fc11e1aacd85ef2845c12a9ddb81,187,2,238.99,3
bfe1ecef0f01ad67e5e0cf1860e94e60,348,2,151.9,3
b6bb8e4780df00a25fa34335d3dc1330,352,2,90.0,3
a55e19719dab7efad8d5b7b0bedf5326,75,2,204.89,3
124bc956b56b1523d2a75b29a856085d,153,2,98.7,3
da2b78576894a7f95d45bfd20250cc54,272,3,374.15,3
2ddaeeb8948d70423c3326843412fccf,72,2,128.0,3
c937a5d7fe89380c128d9b8746495474,220,2,439.98,3
c143eafe10719dcc7dc0a855b2e3554d,193,2,293.81,3
c5cc0bee4b73138ed973a1720df085aa,16,2,41.8,3
52abba659c0a219f8de7076dc33e0e83,103,2,249.8,3
5c5a99e5ef172fbf5fc8a68e6bb2e0ab,196,2,245.8,3
c499023d38f0db1bcf3db96b3c8a5dee,178,2,78.8,3
0509ab034845adb0b4c91b6f0e7b7260,121,2,316.0,3
372b41e8faa2819e0b6346b16cdf402b,39,2,102.78,3
dc858be5b0bb881c067192937bf4ff78,214,2,78.8,3
ea8a37a119980ee4681e28145b39bb3b,132,2,19.8,3
4cba4382020c8e217faee72173ecb0fc,204,2,49.8,3
d26c616e241736e0c1c1ab14150239e7,110,3,515.9,3
71d2dbb6d2f52d568ca9d69c815a4331,442,2,367.9,3
78b5cbc4b9ad61445b6609593addca37,234,3,300.74,3
80636347f037db2d8e3cbe3b7a34c120,47,2,73.0,3
98d2fc070f4afbd02c5788eacc6949c5,487,2,378.0,3
5d63628c95182301765aa1482b0293aa,23,2,238.8,3
49d1599dd80dedc213037342bbe43fd7,259,2,56.790000000000006,3
310647380793836bfa5b7b6b3f518423,319,3,150.39999999999998,3
dec8632530ce2c58e688e63cbc5105e6,266,2,285.7,3
16a909e83380bb2ae4676ca69ac30886,182,2,209.8,3
c3a8c3c742829113458555ed8d300404,145,2,689.89,3
c73f294466cf13293810f4d1a3728d56,36,2,139.5,3
e5f19a93cf85b13edc0376d90e4a0ba5,37,2,40.8,3
44bd7571a7dad968306f7776bd5a5745,195,2,148.6,3
e58e049eea2419a34274619f798d0cd4,278,2,169.9,3
c76dbe63126a89c815fe9716acfdb4a1,106,2,317.9,3
a69d31a5f6011df99d415808d6d640b9,191,2,89.98,3
209e5691e2cda59cd71e45417d7f95a2,237,2,176.8,3
46958f708ade6b6a88b2e5aca1e66de5,369,3,107.7,3
74fe4e106702770ef728399ce5da503a,92,2,159.92999999999998,3
26a9b95058d46f1e6a685688355a1cdb,109,2,175.94,3
bb8486cad0e431659227f6fb18fc6a72,282,2,167.20000000000002,3
bb58670190dba4e9b320f84cb98317a3,445,3,78.0,3
93360190b9375a40b65720ee99387a4a,156,3,110.9,3
89be58cbdd6ef318e3ed93fdb22be178,161,2,50.0,3
947c249c7f31f3eae2bd05454e1b2040,478,2,268.99,3
67626c49069bdf05ff127d59a6649948,268,2,55.98,3
927f5d7e01917bb3b8aeb3260ca42663,46,2,89.99000000000001,3
9c08d6f85c7fcec4b08ead25590c0af7,94,3,341.89,3
5b59166412dd5595f77a43b217c39132,116,2,56.89,3
9af2c271654a36a48beefe342ba6208a,255,2,133.2,3
7c8f8d3ff715607148146c64ecb64b11,542,2,43.7,3
182053495bc94c2f41090ce8c41be266,14,3,169.7,3
b4418ae2225a81808d6c5a61f3a719ff,57,2,123.24,3
3725c5b8c1cf5ee69158f66922a862c4,14,2,141.49,3
fdb2f8a871f180fefdf3ba06bf7ab179,453,2,289.89,3
4d1fe8b6f5e9ee044a14467c8b2832b6,207,2,174.79000000000002,3
bc3e7032668d3f411c227eec09221362,20,3,127.9,3
2cf396c9e24e7627ff042cccb209b9e6,349,2,379.98,3
718d5855edf637b8e2f213db87dab93d,321,2,50.89,3
601bf929b8d0a8feecab068a2110ae1f,259,2,118.9,3
216fd197a786370ce9601ee2f6b5a31a,572,2,41.8,3
609b7feab0f0c9726929ec4891447b02,247,2,149.89,3
baad97a77fafd04f72a7f874dd67b37e,104,2,238.89,3
827f51bdaa8e37bf31ff413e0a7699a4,547,2,187.8,3
3d93772915efa454a89bf52047b0b285,59,2,185.89,3
7b05e0471103ce0ef346e87c357273fe,37,2,109.8,3
2b4871f788b44ee004ec2c7fc7cd420b,306,2,255.85,3
dc591097f939fa6a57749d030d937500,433,2,346.61,3
319aed7fd576c317a96b55a991befb3e,162,2,49.98,3
630331e73a79ae9a2ba821bd326ea298,425,2,82.8,3
1477c54a1abe3610e3e9ab411801cecb,324,2,229.8,3
f19e328e47fd205fba41312020a92771,173,1,134.4,1
c506f1875ed3f91847ded01b6de248f8,209,1,19.0,1
d936da095a235937dbcc81ab08bac901,229,1,59.9,1
3b25730ea4e83eae8c0e90b100dde51d,26,1,109.99,1
7ae0d12487db80163fd8a2c7506ac52f,24,1,39.9,1
66d09103672dba7228c25fcb5b3705e9,224,1,34.99,1
71bb258c3488c3ea32219c64c000ff3d,30,1,200.0,1
a2af9f0425fce10fc7814c347a275095,36,1,49.97,1
4d8f12bc9b7ef020d6728530215daca7,216,1,79.99,1
dfeea6fcfa52ea041c5b4bc28b0b150a,41,1,39.9,1
b9487d6e20517ea5f15d9227be80231c,157,1,79.0,1
f5d302f19b0d545ecf570d3c928ebcf4,80,1,35.0,1
f4b7b5d448f7384df7f5f15e7791f082,241,1,56.99,1
b84dbaedbe3ea55d7cc0894fbea73910,239,1,109.89,1
7fffdbfdb2ad76e8b7e3555c6520e0eb,157,1,17.0,1
cdf383f13f96c61bd90f57506714664e,118,1,58.8,1
22d2877b9ca5e488deee37db9028f56f,238,1,44.9,1
ac7cbcc0c3a162e01f6e6d76b2bd6039,251,1,38.9,1
49ba4dd16b884534b6b33f89fe3369e3,70,1,59.8,1
508a6e712f9de578cd0f8314f9e19a79,260,1,45.49,1
4bfb93f550d1f96be2ced738dd8c32bf,221,1,79.0,1
c1d9dd36e9b54dc4c39cf5b796012bb8,244,1,109.9,1
2585398ecde71acab4438851ee9b8893,38,1,170.0,1
1db5a4cac90b737fdbb54364c96a4cd0,226,1,24.9,1
46d6ef0a0a6ce806b682f0056519cf83,174,1,198.5,1
d3c070a92c8513e0a66462540e40b999,195,1,120.0,1
2b1ff9585b05c73232a93e5440697094,214,1,199.0,1
adc12cd3362ed0181341a3042a53befc,111,1,79.9,1
b47ab9a33340be8e600a66b36022eb36,256,1,59.0,1
b64fe3d99ed23daf5de6dd6b62b4bf1f,236,1,129.0,1
b1b07cdb9a53be2cc167513531cd092f,171,1,48.9,1
0de9c382f7bc3608d4d071894e09eb82,120,1,443.9,1
2630602e9535f2b5347b3e9fc77eab65,164,1,21.99,1
ad92e07b1a227d59980cb7e44f95dbcd,113,1,32.0,1
d9ef8eb416ddd464f3bd14a5ed2869d8,76,1,155.0,1
c96224828aa198f23cc499642489b74a,39,1,49.9,1
484b5d294b2311134285ff457c342906,117,1,79.0,1
1e9de4150d4925cb28ede9bc402f112c,124,1,238.0,1
6fa061182583ad8a67e3beb62d70780f,146,1,34.2,1
8571902aed25da9414ad2d7d07b15beb,18,1,43.0,1
e90f4d881abb391d0392ef162ddc35fb,157,1,49.99,1
1e9d50e8cc7efe73697d7f8a5029f806,21,1,119.0,1
86306de9fa9c8a153f26c38f65105d2f,238,1,45.0,1
b4af97cdc3a4b4989ec5c615b0e5270b,192,1,67.9,1
14719d89c1f686326b28de6faf65a87b,166,1,109.9,1
fb405325ceb5abc1e7a1d001cc2860d1,17,1,45.6,1
922f3c214edd3495d08c431c4def945f,221,1,61.99,1
79cf3ce992d319c1037e32e9f1235b06,17,1,140.0,1
5751e5d3aab71e2f8a1812c41cd8daee,122,1,27.9,1
456e41f857d9702b453cd1f1c25e7840,201,1,29.9,1
6ccf80cb99d25d93c2419c2d6130ee00,210,1,339.0,1
5035dcae96703ced8ff2fc84a40434e5,128,1,159.99,1
28a9545ffe21521e8fa3870135873d50,169,1,79.97,1
e440787673386c80d6a962882c5eddac,168,1,59.9,1
70c8e7826c40ea4a5824b23c80e71aa0,149,1,122.99,1
abe7fbb6b31c5e63c8f191cc812719c2,247,1,59.8,1
e284f3f7b415f669d71b7aee29252d73,21,1,29.99,1
0697fbaa53cc4ce49707782afb2c17a9,43,1,199.9,1
aea7ab8a59e1b8edde8454fef6dbc12a,236,1,12.98,1
059ba8400bf965adf606ecc7ef3396e9,160,1,185.0,1
c1285373b3984adcef24fa28810c9a6b,148,1,129.9,1
e3bdae4caa79af1d0c1049d138fb4a72,201,1,39.0,1
230a8fc05acd222a46fac6d828022667,87,1,219.0,1
016a5760b723a3a0bcb4b294d4bc6b45,55,1,199.9,1
4cb74a98e172fe62166a22883980d3e6,96,1,65.0,1
6f83fa1673d2d55b274eebce33da1698,20,1,76.09,1
188d67366ef38cb34c89cf94347a8574,158,1,53.9,1
27131fc328d0fd8baf2b0717eff49a54,181,1,88.9,1
9fd7cea245e6829eb95105cd1387c861,202,1,29.99,1
6fa76b0d56f88c4685b9e12f1d8a4220,16,1,79.99,1
130e47a42ad5259d8843abe21bf87d5d,110,1,83.99,1
3b866d8dc4c1f4a90a96c57ef538e271,198,1,549.0,1
2f0707e133b36fc9fa76479aa8d728b8,240,1,166.99,1
afcb457450ec0dad1855c03de572c7e7,185,1,138.9,1
205144274ff504156c0acd6bc36ae315,122,1,69.99,1
f8ba899f2296224d275642d28d434738,164,1,85.0,1
11f38d03ecf069e299766b4e29572e43,180,1,69.9,1
0ca60f3b899e4c26f7158574acd3d628,90,1,87.0,1
2ce2fe3cd651be702b08c29865c8feb4,42,1,149.99,1
63596b233c9b675b7b3b20f512d249ed,195,1,31.9,1
50d90faed8456bd0f684c1df9b6ebdc9,136,1,179.0,1
c766b8b2b94113d48756f09481596ae0,188,1,42.0,1
47341c0065bef56d7433bfabf25a942e,8,1,20.9,1
92ca21d06549460680f5ae0cd72fe722,112,1,134.9,1
9ddeba30247103c327c3f3edbcb52438,232,1,49.0,1
fe220ee07525dc1f9c8ea2b62d8cbb69,212,1,22.8,1
707d02fe0ee5f9768a797a3d4e6ce4d8,124,1,279.9,1
46a1106aac449c9e3d8f973402113cde,226,1,24.99,1
b01bc12620632dd4e72e5193ca55487c,101,1,129.0,1
1d836478690eafcf2a72f010445388f6,164,1,156.94,1
7aeb3fe3a6455bcd0cd015e57fc75925,154,1,158.0,1
f14a94df58861cb1811f48b40271884e,86,1,125.99,1
a2eefe752c732b4960a85852029a89e2,39,1,58.32,1
68ea5d0ba1115a1eca1ff876a5cb490f,209,1,130.0,1
103872c9789ad09742c6f03c1498b433,45,1,169.99,1
251fe896b938a0b3a2892d5b6ce68cbe,214,1,35.0,1
561c55720d6ad810863839fea8f32329,27,1,23.95,1
d242c2a33b19c5fab2ccf4f67dcaba86,118,1,65.0,1
60356e77165e290219f6f4a6382b10a0,60,1,142.9,1
8165d55b87871cd256280ddd432c51ad,81,1,289.0,1
711d3f9ea406a09e7f0ee3a0416e8dc7,41,1,44.85,1
cebcaa99901c5d5b662049d23445fff0,178,1,48.9,1
0177f6975b155c814ea6273eccc58d82,184,1,217.0,1
e917a8b251d536ef2c470de1cd6a0668,137,1,89.9,1
97a8c192968ddbded45b8fc64563ac3e,34,1,139.9,1
6ae0c4c53fc40060aeb822ce9ac194a7,18,1,69.9,1
7215868b5e3128b8dbb155421c0555b7,150,1,35.0,1
e76d6c93570569915c2e1fdb834998c9,20,1,26.9,1
e6e5d1f33e43552ff5762bf822e53d2d,258,1,119.0,1
649c3c31116502b2c532c0a4e5a339e9,65,1,160.0,1
8f5b9dd8e6bff17502e06b7d31e4ff68,233,1,94.0,1
eeb1bee15691f9dba515e9bac3b75a7a,101,1,89.63,1
c09214ba56100e782501686ca3bbb119,92,1,45.0,1
1a8fb416e145a099289e11115e88ee0d,48,1,485.9,1
01cf4a649781b563f650ce1c18b19be6,85,1,28.9,1
d1fd4f34a389fd32159d1b383bd2bde7,117,1,14.99,1
d841aa88115365f9065248b6e49aaa2c,221,1,14.9,1
436da367462528f45b3f6a919ae08b9b,186,1,465.0,1
837ae415f944ad89faf111b34cb260f5,236,1,116.0,1
1f3f06e1c78c064d127de4a8326baeed,31,1,35.0,1
8102e57cb4b714edbe1137fe78d6eee9,227,1,9.0,1
67d36cf9d1809a15d33e6da85a7207b3,230,1,79.9,1
a6a29af927a76a300e5d175e4892c5ed,187,1,449.0,1
a9b324825bf5f625301e6749d6c25285,133,1,29.9,1
0ee02c020cf6a1d5af1f44febcec7e69,157,1,149.99,1
b5f76c3201d925951a9a78bc0c2ec81e,46,1,69.0,1
b12d7c45c341678b86ca5eadb1d94708,166,1,97.99,1
feeca4444e6651005e53f2d57cb104b2,262,1,139.9,1
0fc613bbfaee6a943e2c8d02aab97a7e,214,1,105.0,1
2155332110df74d70f8781ced4fa1ec4,72,1,34.9,1
fbab18f30a236d19360b3b8b08067b8c,68,1,399.0,1
b17d98a0cfaafd74b70cde36602d7deb,226,1,49.0,1
4184295f1be152870c1b7bbf5f232d03,121,1,99.9,1
2687af27f5b55c66b1cbfd45fb7b81b9,47,1,70.0,1
deebc0166868feff9f08c5dc31ed0bce,15,1,99.9,1
d0624ca05bccce72159d4337ef2fba04,169,1,38.9,1
e601188dfe8db2615145f9466aaa8a39,186,1,110.0,1
591009fc07144d00d54ada52306a64d8,17,1,359.9,1
5d1ab8c4c79f6f25c2da105854c511f7,45,1,159.9,1
906b805c71fc0686d4504b9be35e4ac9,146,1,7.9,1
61e55a4c5ac0890968648505e89a0dd5,18,1,139.9,1
5f7c4102110986de9fa01ad289376984,165,1,137.0,1
0e6381a288e73b5f9d64ac699533ad57,227,1,54.9,1
4a22fa2d2effd55c66390f433ae3d510,166,1,81.99,1
6a9228e8188372259d9a1db0e80b5af8,168,1,89.8,1
697fa5666dfd5b8cec3c999776633db8,45,1,14.9,1
cb283dda3f78ae86c68270c57737334d,87,1,13.62,1
c6b3df119c42584bc85be61315294b90,262,1,15.99,1
d70176238468bf3cb2b61a946b417707,89,1,32.9,1
24778d486978a0cc32ba430ded33ff1e,234,1,9.9,1
f236874d6ba16e5a562687c710b0ae7c,159,1,149.9,1
76e6f809c9669a0ee948d285c2328883,57,1,29.99,1
d10752eaa3429c304dcd9b609396af74,24,1,135.0,1
644012661ef14548947e747720e4cc7b,40,1,28.9,1
47e17f970a4f89fe48ae88486ba75696,121,1,40.0,1
6f8082b8f7365a98f3594867c2ae993b,41,1,180.0,1
a13d209f705cbe9214e59c10338120e4,26,1,79.5,1
cc89b537cb7f19d25792c3234673146e,191,1,39.9,1
5c88de047e539f2ed9a643b3c7522f14,126,1,99.0,1
2fa9fce920457d5c6f6717481e622c9d,262,1,349.9,1
6e3c218d5f0434ddc4af3d6a60767bbf,118,1,34.35,1
23f8c588812e2716492efc4607e051a9,47,1,35.2,1
75e723da1e089420632c7d3f6b250f20,105,1,36.23,1
a51ad6d24ddff4eb2277385801cc4962,176,1,143.8,1
48a3b4f59eb228f2e80ec7e8d88fc2a8,179,1,119.8,1
934e31a23d80cb297d31f16478300038,161,1,119.9,1
52af4256d312f86a87d868bc4cb763ec,25,1,54.9,1
2214477bc746c01d7e790dba816a9a2c,116,1,179.9,1
299ac083d1d815e83d8e73e15c50ba7f,148,1,15.0,1
e619ed52c7b30be9d83d970795c630a0,110,1,6.99,1
e9bd209e4ef386de8d26f1f402a31c22,193,1,119.9,1
a59dc1bc590098f3c263f2334b8d152f,28,1,527.9,1
501a6b3c61ee02a057aadc6d2ec754f4,228,1,259.9,1
50cae0a9e42137667f8b7c8f6f17ca7d,131,1,31.0,1
58b9df3491d94885a911b85e507c75d1,140,1,49.95,1
defd6cfc76f2350c3c0e76fb343e916e,100,1,79.9,1
62c17a9631a1a12d877943b6d1515abc,44,1,98.9,1
8b2094571b2615a94463402d27487ec6,125,1,83.79,1
cfc782fd443ac9ad698d64a51f0ebad6,117,1,427.9,1
61ed6dbae0e47f36937a930897a9afa7,17,1,66.0,1
a4e9d1568df5584556b6a4d871095249,130,1,73.9,1
e30301a795004ac814b1ef8be6d5cb51,260,1,99.99,1
5d27e9bfc5574277994b6cdc527a12be,40,1,29.99,1
b4368f8820b5f84c93980820f629ac9d,60,1,56.1,1
e0a1aa604ed61564997b8d69144e415b,151,1,44.9,1
7c9413ff10fed052fb495b0ad0cec637,183,1,59.99,1
0d2d8749c06ba6dbe3d76bea562594de,169,1,119.9,1
313fc07d700930f4fbb8c08c5f5ebc20,133,1,74.9,1
8dc697d03f771cecc2534534a73eaaf9,9,1,17.99,1
77570428461c3b2bcdc9934f069f2692,198,1,149.0,1
b17a7aa839204c0c08f0f84d21d72758,156,1,129.9,1
b10d4eb231dca14eceadc918477ae8ff,139,1,139.9,1
7ca4833e3a4dc726e49e051637a9bd3e,171,1,165.0,1
9210007accfb0fd8bd83b48a1e603f3a,234,1,149.0,1
e922cf29703c57cba963d6cb4bf28381,185,1,99.9,1
109b34b50e7af89735401382bfa2bf81,122,1,49.9,1
b9f0263ed58ccbb9222d26b7c34e7b80,30,1,110.32,1
bdd6161ef248021de58940666e32ce93,75,1,112.0,1
6ac1d3a5d7b9d60c230b2931ea47f0c4,92,1,77.98,1
eec787e51b3cbf1950f94491f739a85b,161,1,410.0,1
487e7e69517aa5d6fe673aa3d46acf06,88,1,169.9,1
b21e6ad1f970ff49e9a60fc17ecbf181,127,1,55.0,1
6ac0e68ca06c7a126ba938508ed19f86,160,1,379.0,1
ed40f4e9347c913a17c97a34099d38b3,226,1,229.99,1
3151a81801c8386361b62277d7fa5ecf,154,1,84.0,1
e127a73103c31626f186f2fdbc3dfd20,121,1,99.0,1
d215c289562ee1ad26afeea0b3d93d2b,211,1,95.5,1
63d70a6c44798bce86b2ac12c49cb051,162,1,130.0,1
f1c6f6ac60dd561a7bd13002eb40d2f1,20,1,89.0,1
9d7fc38b946974fdabeeab8cda8098c3,89,1,88.6,1
37f3625f30163e5711a264da33feb493,59,1,95.2,1
7cefed48f155073afe33b11d943adeef,139,1,19.9,1
edd025f570fec6a6121ee25f965f03ec,159,1,550.0,1
38d65d91905088a7b7d5be3ac5a05509,27,1,71.99,1
914ce5efd895f0d98f489371e4597a5b,86,1,199.9,1
75a2bfd8846db7221a72d137cef88fa2,136,1,158.67,1
4dad028c287475ff2421bdb9c9b5dd2f,22,1,178.9,1
29290cdbc0b7174a6f480487e2041430,130,1,499.99,1
e9e222c7329e066228c28fbf0bea98ec,219,1,149.99,1
ab17132562436b8627dc90b683ee2a7d,205,1,139.9,1
5a995876f96b9c5b16c690009e92ac6b,38,1,169.9,1
ddfd8ae362d7f783fbbbf4a4d0b2c0ad,40,1,129.9,1
15a7cf878fc7763ee5e06a4daac49c9e,96,1,149.9,1
1ecd17c402c785d09ae376026565fd28,31,1,79.9,1
ec4effcc3fe78b16bd6b9017bf5e258d,53,1,139.0,1
790418b06b177b2a7d8444ba99a6bb35,139,1,169.0,1
f31744151d55d93974729a46923bd1e1,254,1,90.0,1
80619f2cf1031b5d585332d88443477b,179,1,40.8,1
3966220119e365b73655a351afeb70f9,113,1,45.0,1
32f69fc8a1a91eaa34422fffd0e12fd6,208,1,34.99,1
0d3bcb1f77dada007752678d338e47f6,23,1,49.9,1
d557ddc6a5d521f22173bebc2d116806,153,1,107.7,1
20738507f8a57dbde7be8f66ce61a1b5,45,1,299.0,1
470a8f2e1dc7b277e4625f23039c6f84,103,1,78.99,1
2840be608c11dd64b5c73e51752422bb,16,1,89.99,1
18622f12981bb55e9a6f145fc0b4293d,204,1,45.9,1
5e5a11984e21d9a4d1d09efbfcdf6031,178,1,12.99,1
78b76655676933803baa26f6e09a8ed6,19,1,42.0,1
36789cc8128e4a2e16d581da32b76d45,77,1,67.99,1
75c23d066292aeca5ccb1db8ff8bf883,157,1,139.9,1
9a8761d0f534225f5798f999c07d8620,175,1,99.0,1
6ae0a9e0c0b38e764d43aca2febc9e20,47,1,124.9,1
fc8039a2b1963ca28dffe5dc886fa5c3,216,1,229.04,1
6ed487243ee24bb6d92908eefddfda3a,58,1,209.0,1
151f3b0207ea2247b72617be036ba291,56,1,159.9,1
3c0402bcc3ec3b33fc4430eb6c08720a,50,1,27.9,1
0fb659266bac6a67b53255316058270d,203,1,99.99,1
7e593ba917a89fae306521374d488a43,205,1,49.7,1
37b113f4154017cf046482c756d5c7af,62,1,13.65,1
47cf477d36e83220c84b6c08d9a90a0b,183,1,39.0,1
383eeb5ca339357dd05eb6f567825d60,171,1,34.49,1
076dc8d838b4a277c14d6e67445b04bb,230,1,89.0,1
11ee466b20781f3848ca971b09adcf60,157,1,69.9,1
5a309baa12d5c4d5de6c02eccef13046,37,1,48.9,1
0cfc652a8628cd8003a0ad08aabe1254,150,1,31.75,1
66ed8fc8280da450ff40c37129f4139e,111,1,27.9,1
89b310da401cf88c970c976cc017fa46,254,1,38.85,1
b239b8f3e72b36d45691e18650a8dbf0,48,1,119.9,1
864a5b24e1ab37fc69e0c35fbe4caed3,141,1,93.0,1
208b4154b3341116b04ea16e2160f1f4,145,1,109.9,1
eb054fffbd558229641ca64537ad1f7d,102,1,9.0,1
9f557659e6b5c18b6ef2e9abaf80fe84,217,1,24.99,1
64ddfad933ae847a1c083fe587960331,259,1,123.9,1
6cb8df9c62d9348289dc83231d60d294,41,1,65.9,1
05311eb60c201cb3c2f0e999eaf135f2,44,1,179.9,1
36e73694453363dd651a0cc1855dd11f,71,1,379.9,1
870c9668c304c089116a4b3a3a421887,192,1,85.9,1
f42fa30f77836e4a09811f0a7c445aa1,123,1,89.9,1
cde6a9db1f84a0f8d378d1e1d1fecdd3,144,1,411.0,1
81e481d14580da9f6a46a942be25a6ff,29,1,19.0,1
3f6dbcb1be7c3ab43a38f47398532b5b,12,1,289.75,1
0676ac169eae634fda13748200865f9f,199,1,29.99,1
a51f282d520ef1c581594da3b04f6aa9,143,1,59.33,1
a7e64935085e0648deee205f6cabf323,132,1,12.25,1
05c4d0ad4778407e3220f29cd5202e11,13,1,179.0,1
4a209254be80c85fbc7b0138a4d5f52f,222,1,189.0,1
c8548f30bb1371f39affd8378157d0a2,19,1,59.9,1
15fcdf53d7a8d73fe5e95abe5d965b6c,220,1,88.34,1
56896fcb8d33d2daf66e7163869d4d06,107,1,40.5,1
2fcbd62e518c7cb5bd7a06de9aef3368,210,1,53.4,1
ba7ae7b528a2b8359ff63e3014da964c,143,1,13.65,1
60aee6970bd57744ad0435997b0a91ae,133,1,35.0,1
3fbfe52c6c944c599e2c369e2a12ca72,14,1,59.9,1
b17dcef6e07833b61ff999b107066b78,11,1,126.49,1
c184eff2d1eb72815575d2f819db885b,235,1,129.0,1
963b5a699e9bba3b80c664365386e69d,82,1,60.0,1
5562e35cbeb9b825409ca6c8d152294e,142,1,109.9,1
9986d7e5a69969387d253e28440d84cb,163,1,56.5,1
95ae7a8953402f288dd9be0cdcb5e722,176,1,144.99,1
ee285c8e36ce334381eb9f917832fcb2,160,1,48.9,1
c602b245df5ba83a335cc0145581ced8,34,1,110.32,1
ca6a08cf73e5804caebd8c0544941afb,181,1,31.8,1
e3683a4781cf392142a1f8142ac17cb8,24,1,35.9,1
16d2e75f54c1873d887a7c6775ddb105,174,1,109.9,1
15c604d9414247f54e8d3f28a7ba9fcf,237,1,39.99,1
4859987c60ae8e304bb98146180152ae,44,1,69.9,1
cae8d7d8ea325e8755c68853f86fad23,116,1,45.0,1
28b4832bd9a73bb5bcb43c564f7e0cde,129,1,29.9,1
416f065402119d172f5c89bd26fd22be,187,1,99.9,1
17fd7872cb8d645f2421b63582f3eab9,222,1,49.0,1
a9c58149b8d3e6d19d3f1cc6d9fc8d10,33,1,55.0,1
29682242915a222580f388e3515672a4,114,1,320.0,1
3c899ae7786637d770ed2cecbedc6986,241,1,174.0,1
c8da585193f0d42bd9d69df20bb1a8af,109,1,168.98,1
bad8ab2f494e16eec3d42467f2a62a60,181,1,389.9,1
2274251ce58a8304f8e9b8380db47018,160,1,107.99,1
a930016dbc02c5ec1f9703a25414aabb,23,1,69.9,1
35b4d933c1a31b9200202f84b2895db9,159,1,39.9,1
f5405af41574fe112ab427bf3120c2ab,59,1,66.39,1
5601972b36a3f1948960acb92b8845c9,83,1,54.0,1
38933a82e1ea290b1d558b9beaaae811,231,1,135.0,1
fd5974ce5709062417dd51122ae7f102,28,1,54.5,1
e4e1fdd77c8df5faf29c1a8f637b6afd,62,1,22.32,1
fd40b61d22078726c04ca43787b451db,20,1,59.5,1
d0bce8dc54dd1b03b682ebfa95c38ec1,209,1,132.97,1
4459c3a9f4ffd945ee9778a7aeec0378,94,1,126.12,1
e9d032a218d89ff1abffcfbbe0f2231c,230,1,394.65,1
3ba56d943428e62f2672631dd6aac73f,221,1,59.9,1
a5ca849aef780a6a44f1f5bd5b3e2d0e,199,1,29.9,1
cce5b4daedc80d5071dd619c53960b17,121,1,179.0,1
703f65d139324043f2724154caa49c5c,227,1,21.9,1
ce467c081fb06f32d6790dfb35b8289f,112,1,94.06,1
7484f47e432fcc7597a31359773e1964,126,1,22.99,1
78df0a8f0a36f1a5271c4e57b098d603,249,1,25.0,1
edb9f1eb5912d42e67f6a82fccf32a74,198,1,23.7,1
7bce2e8bcb39be572c7ec072e5cc3130,16,1,69.9,1
1760576731f518edcc21e95674f94273,29,1,149.9,1
fdee300d597a86e2f83a8447d2e9ebbe,175,1,49.9,1
c0cb011af2803a994e4f6e12c19caf9a,18,1,132.3,1
0178fa4e501691dec0663f439950d4de,201,1,23.8,1
7019c99575147f8ea1bbf0a6e281bbf9,147,1,138.9,1
596adf55fb6df0d350728df93122e8b8,243,1,55.49,1
ea47bf07d22746280af63667a8ba2d20,189,1,179.0,1
088653e3fa566d968be97a72afee0b74,184,1,270.0,1
a4d4a76b47ccec27db5ea63da11debf5,122,1,179.5,1
04951d4f64f1fb00783f6667a19a2915,107,1,175.9,1
f34dba306b9b0952ae463d995f11d785,42,1,79.9,1
040f8dcf0a86b8897aaa4eb25e49830f,113,1,69.0,1
60ba6c553aff4ebee7abb97bab9fe91c,247,1,49.0,1
67b05b597a66b5c449025000b9430abb,117,1,99.9,1
a1ea1fc5e949123cdb66dee30ebdbce4,97,1,43.0,1
1d9921da25bcad8d416a10a8b488ddcd,231,1,52.0,1
ffc7d48d48327cf57757436b3f4706b0,137,1,209.0,1
cbe421944bc758b58a14097e2289cde6,115,1,179.97,1
dfae1a0a06e39db89dc7cdb230b651fd,241,1,38.99,1
ebedac088806fe85e8083426d9e952e3,115,1,69.9,1
aa296e5d37360fb5fcff6dc7dd8d2256,122,1,18.9,1
6da08c8703d251e4e843f92b352758b1,67,1,83.8,1
4b53ef99e7053c7a88356cd25d336283,170,1,38.2,1
16808fb1400180e8b29e8e119e3ae318,44,1,134.99,1
792f1a827e7ca88e7f76678562e5fc7b,230,1,49.9,1
aef1db2c61a9e712fe5a0ab9fa4f56be,26,1,100.0,1
f226f3d81fac042a2880b9d8253c7887,29,1,125.9,1
72f916a5ca901f9775581f9d5da23478,94,1,169.9,1
b1605f0b595c177f4f6c08f01525de34,21,1,99.0,1
34134e9af3495ee6b40f73c3b54f196a,249,1,30.0,1
a4a6eeb70c933d1f3c6283a4ca4b0841,136,1,191.0,1
b027a64eb19eaecd0959e635da67abff,31,1,19.0,1
117470ed515ecada08e9659a85f4b9bf,35,1,46.9,1
aea22faea64956d7b9e1fdac5229162b,171,1,102.0,1
0b2bb52a5ca5a3380b2161a2d7c1bec3,86,1,59.9,1
4841fb7019fb80d18d2991156eca6e47,69,1,54.0,1
6e5e0343aae77d33837ab22c8a4ed15f,106,1,25.0,1
81ec83db6df37d3fb8dea9143e1688a8,171,1,56.0,1
52a535b307f6c4598b4e7b918774687c,211,1,20.3,1
1442b730bd87aacf37f8d9fae54eef4f,21,1,19.95,1
0d490b8ef864883f37b980339a880b76,202,1,139.0,1
4b163b67a4953c1234e7d932d6a8cad2,87,1,59.99,1
2a0df8ebb465629cf6d2de4383421769,162,1,79.99,1
72fa4e66fcddd4b978987e81a00184f7,155,1,499.99,1
6b79b3b1325f8f526302133cdcd3c0a0,138,1,99.8,1
548c2fe3a11575274607709fe158973f,53,1,84.9,1
20be0faca39cb65332e712f1060b24b6,128,1,55.49,1
ed37d82e611bd1bf78c2ac44e1aeaa65,123,1,14.99,1
43aa3086b95f386b014b1b45de46554c,216,1,26.99,1
2c0118c17af414801e7a47b543d83625,38,1,57.83,1
f4ec1b47a4e08fd853abe5c45f53bb37,188,1,53.9,1
a1b0f3b16eb08b3460b2847bb90aa7b2,192,1,120.0,1
24ee0e579a75f7f99be0ad7a787e455c,233,1,55.0,1
c036799f1b7d9832bfa372f83278182a,242,1,93.9,1
a243dc5186ee281a4994995fcc7f06c5,83,1,110.0,1
07f6114ad453edbb3adfefa1a8389d25,197,1,199.9,1
83efa41fbb4c2b733a1dc5474c9073e5,209,1,92.9,1
48e9301956fcfe86dd5dd7acac05863d,69,1,10.9,1
9e092289dbc85a5311191378937ad0d9,44,1,90.0,1
7f7023a69e886b0c3fa34ae637315994,9,1,57.0,1
66ed3e8bba029bbabd67074340383f51,217,1,29.0,1
a8d771b4e13abd8d9df3b4f6c0a38091,225,1,99.9,1
1db6e2379b6724e9428470cb30b60bcd,53,1,539.0,1
b5c49f9e03226e50e460245cbc35898f,25,1,250.0,1
9f4ea52544d5a888a26fc0259bb7307a,142,1,47.9,1
834d74663f0b865f6bfff6831756c2c7,89,1,55.0,1
00e20792154788aa00f53fbd616a8d91,149,1,169.83,1
65aba9fcfab328c5dcc542ee05044a24,250,1,89.9,1
85e5f22813f824080e7576c41336246d,243,1,122.99,1
68f944b512da9690a49ff59699465316,133,1,160.0,1
64ff649f585d5272cae837e433774395,87,1,125.0,1
333bf43dc858229ead909c1264473418,118,1,179.0,1
a50a55d06f346f5e1a167832de7c3263,159,1,61.99,1
7a706c9b90e36b7cf7706e439d0435e8,209,1,67.7,1
5cca3e5d8ab3de6c44db3af4135fbb9f,250,1,109.9,1
2d09c3394311fd15314910fcab2477e8,40,1,35.0,1
49c5ef1f262be01b80383cd169a74cc2,143,1,69.0,1
eca8479257eba8c8caddc0617d9d587e,125,1,53.9,1
c1151a3dc74d70468aad2e6ac8b324f4,148,1,49.95,1
844aab4c68800df336e75b99404def19,71,1,68.0,1
4a17a49c025e9cfe067bca2ca537387c,74,1,79.0,1
66f60989cbcd9c54b480a7bbecc29542,173,1,49.9,1
82eb3e5649f605959d93745e6d708b27,35,1,56.99,1
8ba4d8df239c8595f7c97857fdb63794,208,1,150.0,1
410f1c962e3ef4a0da9104536d97a4ae,253,1,29.9,1
46df035936a01945ecb6227ee2f55215,240,1,140.9,1
119bbf0e31a0f4740de10ad52403d0ea,20,1,189.99,1
7ccf66a9802ab7edf4361d8b6adead71,235,1,19.9,1
2ffb1cc8ab89de76ccf843557070432b,231,1,69.99,1
056fc0ee91e3ee0ca248736a6b84da62,27,1,29.9,1
f7317ae065b8056145476911affd7077,177,1,169.0,1
2eb487827f6a81edd6266b9db2413abc,184,1,29.9,1
d1e79d32e78e440cfbc0f742835d7603,125,1,59.9,1
0d9ecb9ba540f4b7d8f3c115d6fb4a3f,242,1,143.8,1
325dfeb1809ea61290f5d3f2adafcda7,31,1,299.9,1
3f5408ae28a3106340025fff94435ccc,150,1,99.99,1
52d58e64c15c043d32e7ac7456ded50f,165,1,9.9,1
b27e09692a03b8a0fc378d3f5e052227,118,1,557.0,1
2c87693b95677a97ac5a6e396e717b69,143,1,44.9,1
f8dafbf2639c7ea16883679d48e91291,74,1,19.89,1
18f13a4030ea2c8f9faf14771f09d8f6,34,1,29.0,1
e62fd7a9c513b286d911a220c2fb8921,50,1,27.9,1
2be03909ef3e18ac1e1fc936958e4882,71,1,80.0,1
019ee3ac31baf4383471c760125e2977,11,1,30.0,1
96608443191b8d6ed17cb64b5a654130,14,1,12.88,1
5bc5e32ddd0995c3aeafb569fb023505,46,1,159.0,1
ea1e4054ee2a36bd0d0610a9f79da400,254,1,13.7,1
8787cab9a95fe5a494b21e2fd1047e7f,20,1,110.32,1
11494ac4b94a215ddb5a75f30127071f,167,1,15.9,1
acb9b5f1c118fb2985a9b051e92f0600,25,1,19.9,1
6ff4f4fcdadf8410fcae5bad48d7044d,186,1,89.9,1
e7de70f76d41612a76427d6b53331e80,228,1,18.4,1
a53b6dacbc44ee11f32e78638f2eedda,182,1,44.0,1
a9bb3ebac599d7788bd7537650557039,60,1,78.0,1
8fcb8ae164a5d1c7c4534595e9bb898a,118,1,179.0,1
a060a1733f36c269b08c21fc35bdbe9a,16,1,399.0,1
c8fb284ae00d32a177121df1a57d88fa,116,1,58.67,1
bd22ced9ced173d8af378a3e6f396cd1,205,1,324.0,1
b5c824677c5431bf6a611206428716bc,139,1,179.9,1
3f903ae26d5419e71b3eae9201f54c85,9,1,68.0,1
d11a194f143fd919974b08483bc2dd84,68,1,139.5,1
f6bd60ae86266e0e13b8fef85e760e24,25,1,249.9,1
77ebb90986b1927896dd71c40498d3e0,165,1,52.11,1
a1a22bbdad9bb7fc533b19f579311026,159,1,48.9,1
45f5f13a2b829876657e16fb7d23e454,188,1,175.0,1
70e892a5cad6f85f02964619c2ed74b7,72,1,95.0,1
9173fcef0550bc27e0d9b9dc99f5b2e5,229,1,223.51,1
a30986dc6e9c8ee885a5ea822228e919,183,1,88.9,1
bc7dccab4c359ba2da2d75ec1a250c32,80,1,140.0,1
2352f9088c534855ddce9107acf6b331,56,1,59.99,1
9be8b648a3f4659c46c7edf85f538d61,27,1,30.0,1
db1518d4f3d2b231f85bd717a46b20b4,159,1,25.0,1
12b615c8a3e89845cdfd6933060e1db3,47,1,179.9,1
20185c8c9a8735753b2cb000d6024c14,25,1,134.9,1
7b5476637788a97b34d40c0aeaa1a98b,132,1,119.0,1
99f1e077e8472bd24f0bb39a70b4b59d,132,1,139.0,1
3a7e31f18c7b6d5c707d68cc3acf4e6e,68,1,449.99,1
d27159211774d240eae28f4554b5a09b,46,1,29.99,1
9d643801fa7354800e7b9f8ff8f7f43d,166,1,122.99,1
7409e4524389838039b9d68924a597e0,121,1,69.9,1
255f932a01554ee603c0c788f2c5705c,153,1,44.99,1
129a2123eaeed37487cf969f38fa4de2,115,1,134.9,1
1f384d009ea1f061ecdf85fe6838173a,29,1,80.0,1
dfa93e5b8638a3e4f891dc4e0a4743c1,188,1,500.0,1
0c87588b9dd67f28843422011075f492,109,1,69.0,1
3da7750bf3c1dbd724624a60a9f5942b,115,1,54.0,1
ebe46872371ec8fa657e9c7e66d70a26,83,1,114.0,1
8099fca8a4a6278a24f9b77f74d436bd,139,1,16.5,1
9726a24d281565192465aea2248a165c,27,1,29.99,1
d25b8fd1599b432fb421763b7d1dbb4a,31,1,11.87,1
4ecdb958c2b1b099ed5e56d9ca156773,13,1,249.9,1
76c9a96ae7f1fd482d35d45710d03381,199,1,89.9,1
d49e0879143741c88dcef7eaee470554,221,1,140.0,1
3c38d8ff25f661253b873a6ce2eccee4,216,1,42.99,1
80e342d5f93c2fefc0d1513604fc10c6,194,1,149.9,1
b31b3423c031eef8f93cb2d9b0a66aad,180,1,116.9,1
005f6fa02633470267dcd1e3ecd0fa79,37,1,199.99,1
b0d6f35277a168b76fcf334d9ea0eefd,242,1,78.0,1
d948e8bdd06e8774ed77c2114de68e6f,20,1,59.99,1
f5fefa59acbb79c5502aea78f8d4e07c,200,1,79.9,1
12a58098f27b00d10cf51bc6f9e4c261,184,1,385.0,1
5d8c00a10fad119cd4068004726f634a,164,1,299.9,1
ed6e4ca2f745d43a2c8f44fdaf370766,179,1,149.9,1
01d7b0d6f8958188afa680d75dd47919,69,1,77.9,1
62697622ddde70ae64064f553b4a0672,35,1,369.0,1
fd863672a78a7a70b8bae63ccbf0a6b3,262,1,25.9,1
fbdaaaa6f06096d2ad878b186d7da60a,8,1,85.9,1
7027983ea004c1d385bc41ce7319c540,180,1,19.9,1
6f7c6c8b6f6589599907dae484d21d54,22,1,139.9,1
ac5c80edeb6db099ebffbf3e53ddcd69,88,1,34.99,1
eb3618a8dc128e314712dd3c251b9ad9,185,1,119.99,1
0e10c840206e4bce1cedfec1395dd2db,48,1,110.0,1
2e9187ae2c4b625f50797a9aa9452c08,67,1,70.0,1
0e649668ca5513059e459f1d2e211f5a,176,1,54.99,1
07a787d9ee33254f26f9447fb9314b63,318,1,104.9,0
4a0e8e136cddff5ff2b24b8bbcacfe3c,281,1,99.9,0
6a326dfff2d6435236a10e7ead26d1b1,332,1,175.0,0
5ee41241785af239cd4ccd226927cc08,578,1,104.99,0
11632ca8bfd87b3c6a2acb815ee358b1,347,1,45.9,0
4aa1d8829005d87fb205f65f12efad0a,336,1,24.9,0
5d86e4c7d9e944ebaab065f2588f45f9,416,1,258.9,0
a196ddb6354374879b7d39ca6f7b68a8,412,1,34.9,0
742e84c411f2181824c7348da0042c11,294,1,29.0,0
e24412dbb37fcabe11101f614ceed41a,432,1,99.0,0
746525301ff1ece09ab6b7f5a1f053ba,276,1,79.0,0
66c52ed7d02595ef154fe9d14435dc69,450,1,49.59,0
fb5ad6c23182ac9a66db83611b62b18d,288,1,104.9,0
5053321e149637b00e40aa4be14fd6a4,533,1,445.0,0
b3f5a16aeea79b5f45168bf19a6db236,341,1,270.0,0
b4e821d1470e0b442d201d391a455738,362,1,240.35,0
66c1986abf8834eef2fe741168b18ba4,439,1,249.9,0
7288bc3bc7d492c25d872ceec73be478,389,1,56.99,0
e765ef66654cfd874784b36c7d0040a2,299,1,49.0,0
7f9c2ab72136f9fbe2a2ca856021624f,289,1,249.9,0
1331904f8a24cc1bf38031d361b1292a,294,1,104.9,0
185246288eb4cea28a37bb3269141e03,302,1,59.9,0
bc43178baed117c53a910e91d4f9a014,271,1,33.99,0
6dad4d8cc4ec34a6f280425543408aee,411,1,12.97,0
8cc5d2ac1acb37a0456d0205acdc3768,345,1,158.0,0
8bba2fac2cb38bfb0a323272f63d5f75,459,1,243.0,0
9116ad81ecdcdef227dc53265879ce1d,586,1,31.0,0
dca7f01148962ef71a9c5be7591c079c,265,1,99.9,0
efc33091d804400f55ad47f169163214,422,1,59.9,0
af83b040ab2ced118dc7901c6413f370,314,1,56.99,0
51a602494678aa0c9d6e2302e85b1384,264,1,56.89,0
7c897328e8e63128ba7db8d9bd8da6d6,396,1,49.9,0
08aaa460d54b5eabcb6e8189140b97ad,436,1,149.9,0
b44e1f9810edefc97e2037154fc20a7b,495,1,289.9,0
650dd69e8e20391188d727da3599e9a7,561,1,19.9,0
9b0fdf77ff6853bcd1e683c4f29a1997,419,1,99.0,0
18c19f3a63e37f4ee444136b2141cc51,359,1,64.0,0
a21b2e6d0494da284e9ca6ab7ad882a1,273,1,29.0,0
fb19c402bce900fe1160136b7efdeb87,576,1,129.99,0
78791713501b5a7de9d65ff42dcdb016,453,1,18.9,0
59caf41d8fafee2be6f278b0f2488065,541,1,49.9,0
64c28dc9ff718fe40c400931515eef4a,286,1,199.9,0
769de7c55f035c3f3575750bcc242c87,448,1,174.33,0
8ecde9a39b424927b423852dfb2c1d47,357,1,89.9,0
0efdde54b9e08d009874be9231dfe635,361,1,174.9,0
072a81b5a11139d7781a0024a03a2cb4,357,1,59.9,0
288176d126141574b79386872d9f15c7,361,1,205.0,0
70d3eaeb48aba4879c580645cfc0692b,396,1,89.0,0
4def5852dc14df120c88434d762623e1,555,1,49.9,0
9ebebaeb7533b8b926ae54b1fa0e33e8,509,1,199.0,0
a544c1c8ec38eac6ab18455e99b685f1,543,1,132.7,0
2704fffafebea37ec133f21e0009e6e2,415,1,54.99,0
89dedfe3145383ccc0d7be54ba4da961,371,1,65.0,0
240f8b8a71d0eed942b62661cb593ab8,281,1,34.3,0
6b5c621e7785587af556b3750d9e075f,597,1,34.9,0
ec5dd9e9e23235dfe130946883cdc82e,485,1,69.9,0
167d383796431b64c2272cc414b9633b,299,1,99.99,0
e94f497b64b4c843216126feedb1dfae,322,1,139.9,0
1b6d8925c36c98e78db40d9789c45414,282,1,39.9,0
fdf74893258fd69699b5414296b75e35,291,1,119.84,0
653a7619cc4095be9549ffbe73508abd,514,1,24.99,0
8f966cbad592741f380ef7b2e2ab564d,394,1,29.0,0
c2154b6ca788852f644e6f56dc7abbe9,693,1,29.9,0
b97e6c3053452293cce47c859cdd4af0,556,1,315.0,0
5093af6735012677c2eafe5de78ddd12,399,1,114.97,0
152c170d3fac9d95ba486b94fc41eb8a,450,1,29.99,0
2b43c6b981338ddee4ac29f90ec9331e,492,1,369.9,0
7824884ec60635edc70c6706b71488b8,376,1,40.0,0
c0f65d36aefea8816ca9498185fe6167,303,1,107.0,0
920d5c417ac2c46e933d1d5d2d71f7ec,391,1,39.6,0
472004fd1600444e5d906904864b230d,331,1,349.0,0
db7928a76b23f1fc8703953bf73cdd1e,270,1,19.9,0
322c0c1c40458b93e125fa7d82ebabad,411,1,22.0,0
fe4d4f723597e832e9bbc67080a34c27,537,1,84.9,0
320c8ec376e4f189744a18ef6027db89,432,1,89.9,0
2b9eaef1311d306fe845a1e6c9a59a28,316,1,149.99,0
20c9ce430a60801a1bec25d1bdf93142,439,1,54.99,0
d73f08bb135f1156f3d3774631cb5b3d,545,1,115.0,0
eb51871bb18a99294b2130d3976cc706,399,1,52.11,0
292a3505e590c1927cbd8599209a09ed,321,1,149.0,0
efa7866912c827c6bfbd48f2f5be3676,279,1,49.0,0
e34c56da9aac39ebc70662c7f4314937,481,1,229.99,0
d71aec068cc07e78e78fa14d87a238b5,270,1,70.97,0
4a782d1a71c00543f1a63a5373a956f1,298,1,50.9,0
cbbff5fa68079209c77387cfbb3837fa,342,1,72.9,0
9c2a307ef736d198761e14a0372292ce,387,1,48.9,0
a6a1951929248912bcccea06be552ea2,695,1,73.35,0
89b765801f4e0aed646a9814b76d22ef,359,1,78.0,0
5e632447630ea07f307e39fa5d82b0e8,336,1,41.0,0
8f1b15e134107b88557c55167040c6b3,288,1,99.9,0
bf4db4d22ed0d25e09af9d3c67859ce4,412,1,120.0,0
a33bb670bdfc972c485c44923aece1df,549,1,149.9,0
9fe1afbaef3ba321036bf970115295dd,373,1,139.9,0
99ecf7e96d410a094bc95f5d3cb9d98f,281,1,99.0,0
289d835db696b84022ad013f99af88cd,451,1,12.9,0
2605c5e0b518e57802205cfb05246774,431,1,154.0,0
b7cb5cfc7e208d22aa17ef640f487d7a,566,1,84.9,0
357049f956a3b868a0b8d0a9c468e8c9,382,1,106.99,0
628ae8584a1c192e60498fb6983bfd9d,528,1,64.9,0
01838e7d69d87bd8ff2b6ff06789adfb,589,1,126.9,0
65333bf484bb685082b70adc3e154aeb,325,1,38.0,0
95e52c90fb1f27338de757a076885ca6,285,1,139.9,0
7aa123fb08cb845c66e2d2bb3dee879c,275,1,25.0,0
61825845f32d651576361ffb0d1531b9,344,1,134.9,0
d3195631b2c66e9ad4cf137285ff57f6,461,1,39.9,0
525ab305e3cec680cdfdf1eec779697d,378,1,66.9,0
3ef848190859d1383be83ef97ae6fedd,458,1,49.9,0
4e25dcb638fd85d4d08c8218145357fc,360,1,25.33,0
bc3b76ce4f082410d49c0074e9ffe5e4,342,1,38.89,0
154017ee7b8f95544a8b9885caac75c0,483,1,19.99,0
ddc29450a302941b6da714f67f296b1a,293,1,419.0,0
8e773ebb6df34f95e3916f053e76ea45,389,1,179.99,0
7e7ef2098031a8f5a9b364db74672aa1,273,1,77.0,0
741175972459abe8755d074d99abc6c4,369,1,119.9,0
f55304849386dd15f067691bd606d75a,313,1,45.0,0
68097865d185c114c0fbfb9fc86a733d,526,1,159.9,0
518af84ccc996a2846e5cb868a8065c3,403,1,9.9,0
7081f610ecfb1912f8f2808e64dfce07,278,1,49.99,0
151289158e1107a3080ede4e28263a39,281,1,43.9,0
43ac999caaf5ea6271440d391d4e9ec4,462,1,69.9,0
566f7f098954f24bbe463e2a8955d876,368,1,44.9,0
a089759b7102a670e4482fccbb10d1b9,416,1,73.35,0
4786a892f7618a4855172f0fc43fd3f1,362,1,149.9,0
7d9edd9e58296f0d00d200b19575d124,492,1,19.9,0
070864e2a7406d03f7071e27dd46d21e,535,1,89.99,0
753d7de603228717f4eb55320f57ee35,471,1,17.0,0
e33c1e6783d4f961fadade9465a511f5,482,1,12.97,0
83a7ace6f095bf0db43421e33d358c17,474,1,39.99,0
25d53d0eacac88bf665f9fcf745c5061,344,1,129.99,0
4818673cdcc87da1acec1a6413d93979,290,1,56.85,0
3f1c5888577d299fc92eb89ed8ffd381,265,1,349.9,0
7cb86a4e8ed957f7cd2a1205c3c04c92,275,1,179.99,0
8f59de9bf83de25956e61deace67e77a,322,1,48.9,0
aebe3f38304de1aaa4b5e664f41d15c7,425,1,169.9,0
0fa6962b515f4cb228efdc77422baa6c,314,1,80.0,0
4c64f14f4ec0fd39ad45d4390eb08d5a,544,1,89.9,0
ff4bb0e2cade5df30146a1d570ae777d,448,1,299.0,0
0702969d322cc784c3d43ffc751a302e,267,1,69.9,0
e1685c5f9027cfce7467c05f0be12ebd,475,1,19.9,0
43b313097175a38b6e04a3fe72b21c80,367,1,229.0,0
91f9093d6cb2a6156a26d847b5c8c8c7,312,1,48.0,0
36e5363bbe8df3025f788fa3c4ad98df,380,1,84.6,0
fc648355528e6e9bdd813a261820ff48,351,1,29.99,0
5f536571164423b89ce1af9616d011bd,506,1,29.9,0
6fb12d5f2224cb1ecae937796768129a,273,1,20.0,0
84458bbb7df85664ecfd7092b5f0b75f,480,1,37.9,0
7228928ea2429a6e7ccd7efd24789266,482,1,97.0,0
04ae6453ac0b2807721d210786d83b50,275,1,22.0,0
de8584984df5642ac41bd3a576fd52f8,488,1,56.99,0
63fe7b8887f3c8887c8e3ad54026a053,315,1,29.99,0
b4ef898844c5ae6970a6d0cda79cb367,264,1,74.9,0
d6b3ab933d857690e1239a36f433cca5,479,1,34.9,0
40e05afff57024eaee66c6f546efe1e0,272,1,25.0,0
e9921ff47a215f865bd152ce47637d65,279,1,56.99,0
4728b5b2cdd35bbc57963ac73436ed44,268,1,29.99,0
ec792893632951696c933f0203ab99da,308,1,65.23,0
10e49a12540465d3141f898aeee0a6b4,558,1,25.99,0
e494f4ef3cef10788bbe8917c274727f,410,1,134.9,0
cc6e8e47001f7d0a137b911291923ddb,483,1,129.9,0
8fef6b37a86902967a81899f2276535b,290,1,38.9,0
b212d941f149d0c1f077a268273bc502,391,1,25.9,0
dd94062410a20a56b8361c5215135509,540,1,42.99,0
707257a882dd061dac7a3b6750bd9bc2,421,1,141.64,0
950d9919f110951849c5840e19ba7379,277,1,27.0,0
e1c7d3ab85926345afd5a30b83a4c4ca,313,1,49.9,0
670315a8178ee2a1050e5ddb23b21606,354,1,26.9,0
7a531cc72e541d40a6d9f9dbf7e991fd,324,1,219.9,0
c1b125950c784d06155f3da0456dcf24,405,1,135.0,0
bb2986e605022d14bb6361720a00b230,290,1,26.9,0
d3bab55c464bb4112984724ab47416ed,525,1,28.0,0
3acf392c420320628fbfab879826d6eb,447,1,49.0,0
4b6d726a54a2660c4d09bd675d37a813,465,1,50.0,0
813e74db515d69c751cb5e9dc66c7314,437,1,35.99,0
33de26d1fafbfd4945eb586f7136efe6,285,1,99.0,0
c3c51f2fe0910d1a37291c5ffbe98710,370,1,19.9,0
1bfa238eaadd40580532424c2f383b46,269,1,59.9,0
f73e2417681edd372cbe8472ffcdd238,354,1,289.9,0
feb3a5a11a06b144a9aee7fb0fc03453,275,1,29.0,0
c6121cb9d0e34d56f4350dfda87e635d,552,1,99.9,0
7887f66354c9e29c389a2d220ac5786f,359,1,17.99,0
8c4507a51771fb461d0de12f6949cf17,341,1,79.0,0
c9d1ed29e069516e35930be2a09ff499,335,1,165.0,0
0eb960a14a7ba0fa05267161509be5cb,315,1,146.0,0
19a792d3d544bf534045106b02280725,431,1,59.9,0
b71c5db5eb2532fbc1c88f8991dcf45d,549,1,89.9,0
1b5b7eced3f241ded2a1eee965d649cf,427,1,84.99,0
7891d406499c527836df0c0f9e48f712,564,1,29.6,0
33673a61e46e272ad8a18994222831fb,280,1,179.99,0
0bf423fbee1a9e814a8c348c5549eb0c,389,1,34.9,0
cff261060417f2f6c8b2583f7735b03b,264,1,69.99,0
a2dd6066e7ac94ed25c13c36e10677b1,286,1,105.6,0
065b9e6198f11dbdf7fc1250f9e08afc,298,1,199.0,0
9ea9a16f73f10a955723ed570c35f735,296,1,43.99,0
673dcf90d05656ebc9f5aa4a9709f245,350,1,143.6,0
d796897ad02ac36a5e629aa5646cf2d8,342,1,99.0,0
fe4f3edee136351dd8e5e7d370ba09b9,297,1,118.56,0
1c92abb53bbb5683b1c47011e5837e9c,367,1,18.0,0
90ca3f3ba0350c025a82b0570eb72918,531,1,169.9,0
a141cad9daad0a5e00543b930e249b48,295,1,35.0,0
dce5a2ec04713ca71d7fd432f45b70cc,596,1,109.9,0
984d5ac021d7c0bf1edaa14c75c3a754,411,1,89.97,0
46d151a357784fe6781d960dc1d06285,471,1,189.99,0
bb1dae75cd8532f1ecf962d0d6af7a2e,573,1,99.9,0
4f6ce7be021d8ce84343af1037cf0105,438,1,27.9,0
f3bddad9740ed90d3170d4a3f4c28048,501,1,169.0,0
afe83b0e19c8dabe4155e086e0055107,356,1,79.9,0
f793d2815c27a46dafc9c92a1c960103,357,1,189.9,0
d26063f424217b14b5efe96491f987f6,384,1,99.99,0
588e6801be0610dc8c81d04eb23acd22,288,1,190.83,0
ff16d29e19b92c63503939641cb423da,279,1,259.99,0
82a154038ccb893b4e3b795495e93dc7,519,1,34.99,0
4c1f06d97a8889bca790c0f193a3e425,276,1,32.9,0
96230c6da5f5896bb28ee028624c1188,573,1,30.0,0
190d1e49534d839d6db2880759d8e40f,329,1,35.9,0
2e042bbee6a6c8bd718684fcc0ca2876,353,1,149.99,0
207a5537c81aceaf5ef4f5b1ee4cd09c,318,1,25.0,0
29609bf5d89e7391ac0b0f5822f93cff,321,1,95.0,0
393220706dc46336f9d2e1ee5f6ca626,513,1,99.9,0
ffffd2657e2aad2907e67c3e9daecbeb,488,1,56.99,0
2a5d28827d96a217c7640bf3219923d9,402,1,119.94,0
c179057f564af5f24ea3d13b24616f19,589,1,119.99,0
c4c643340c5d988d370b984a13ebea16,470,1,42.99,0
7dc8324c65afb4144c93e81a06ca1686,460,1,160.0,0
b40f9f5a8ddb36c2b9dded8fc1f5a255,693,1,299.99,0
32397f9b7defba82e3f6626350514be7,322,1,45.9,0
0897373755da346bcd56f3933d5331d2,396,1,109.9,0
0f797cf140655496bd557723ba28d46c,272,1,63.99,0
9f0d211a0fcd270d5c9397220d318cd3,274,1,69.5,0
5cb5e010562f6856f97ef2f67b223f70,454,1,89.9,0
8c3b6813badbdabf3d3a95a532522789,459,1,135.0,0
5273a9a74549531d270507adb4c7013d,532,1,250.0,0
2351e74f4857669771f7362e5faaa54b,355,1,35.99,0
1073528f48c54d7e185df57a6ee88448,500,1,449.9,0
81e76bec3ed10f1142ddd6ceec03718a,322,1,38.9,0
4397cdacb59ba0ceee5f45401a8ba313,285,1,122.99,0
372047c2b6994bbef7715a199259202e,526,1,149.0,0
61d01e393539dc80cd54323334661b7a,382,1,199.9,0
29ce6ada27ec9191758314dabfcc245d,355,1,22.0,0
1bfd23153e03787befef6a26b87431c4,337,1,113.99,0
0e45d14e87bf6c7795f7caeddb9cf6a4,458,1,329.99,0
cfde5305d07e35893800f16df83aec28,391,1,43.98,0
def6a1bb25ed86d9fc212b52d45162a1,266,1,56.99,0
cd9ee4391bf0098b7cfde33287c340c8,315,1,59.9,0
a97a597cba5f1fb42a2e3d181a2a2586,441,1,159.9,0
b5b5688f8bef64161d107275f14f914f,315,1,52.9,0
e1b1d16249046597bdab717ed54c3bdb,418,1,134.0,0
436164d6caa038066fed7df68baa0317,518,1,59.9,0
e9a79e74f1dcd2b7b6dbed7469326104,336,1,44.95,0
6dc90d194697c0674a2f3df5240acde2,571,1,269.0,0
bcdd3f31625ec664aca676d1c101e753,594,1,370.0,0
f3de50f48e26b4ae2b1ae6d0e27e1629,528,1,18.9,0
d4dc0ed903f7bc74a2e69d61f602d2cf,314,1,26.5,0
cf8add60e7c0183121f770791961c035,328,1,14.9,0
bae87458a694717bfe4945654962d040,354,1,55.23,0
907b09d579b1175a474967084aed4ac9,427,1,56.99,0
ea90216e3da4bcbf02469a47730f5edc,319,1,31.9,0
f37fec46253718ba771b73228f000f8c,321,1,219.9,0
3df9954af30f2ad5c79f59eefe492bb2,393,1,59.9,0
5f05150e5de4988d4f6331f065d94b1f,293,1,59.9,0
4dc8f041a96ec301d99be607c8ac1bb4,500,1,94.9,0
5d29bfddb5b180b9e7e4e28628829d19,445,1,35.9,0
241381706b85cae6e813d2e62a89da87,346,1,43.9,0
a78ad87448202e1a58ebd90aa13bd4cf,374,1,129.99,0
664f7107c351f24b16b68919398730a0,697,1,294.9,0
1d1bbacbb7e6e4fef4fe1c849b6dd640,484,1,109.9,0
15fbf8901611b1a62de6ad5934d8c8ff,414,1,87.99,0
7f527e372d84825249a0b2719959f1a4,431,1,129.99,0
c3d7c80f1fb3f0b7257888c3892ad412,270,1,139.0,0
4e5ba538a1c994044e7a23861908ea0b,334,1,44.9,0
578d11a64d1b03dc76793ce64f4d65a9,302,1,24.9,0
30eb528c7feea10459355021bacdabc4,349,1,16.9,0
ed94d14d24e74c84076ac86f9f083927,423,1,229.0,0
0723dde7b0d06ba0446ae7dd852084de,366,1,139.0,0
d1056d68fb207f9fa55f74562df7a406,396,1,53.9,0
a2694c5df9183031534e4dbdd7411377,283,1,49.0,0
0ef4d7b991cc74c7c13b540f7d3129a3,539,1,48.0,0
c8df76bf38607feb070ee32de9a0c4e9,390,1,34.9,0
45aa80c26dcdf6abfdc0b74582ead3f9,467,1,259.9,0
55a2c780cc65e883981402b88dbd44d7,445,1,399.0,0
d698d987204fa8409f973d39a5b8f075,358,1,399.0,0
09b694b37235ce432f1586f6e10426a2,363,1,210.0,0
3dbb390afed2043063d358900ae05d0d,375,1,69.9,0
2770f7c1e118a711aa68604cfa09d4bd,282,1,190.83,0
d16a63aa915fab4be7e1702ccaeabcbd,363,1,339.9,0
33663bfe99d2d0c9972846c21fc35a68,369,1,37.99,0
6b37d47561c8e97bd313b89215e0ae88,445,1,36.0,0
6c07344b9824e1e92eb5063bce0c95ab,385,1,160.0,0
8056ad5fa2f60432765758ccd7f037d4,573,1,109.99,0
90543929698b636417102dba4ee5fd8f,271,1,115.0,0
a5b50a3681bb0e116c357705cf903d81,343,1,61.8,0
131f17478755c64367696d3e75b24562,548,1,99.99,0
9224cb2cd931f94531d064137e8a25c6,277,1,24.99,0
c857b28ff71a8f026990245b52cdb6a2,426,1,79.0,0
970e5f645670f1ab33d6815e1debd3cc,529,1,89.9,0
6d7c24825fd7ec8c73cf050a300ee9d2,264,1,69.9,0
f317f2dcf6f62c74d4e82246b8de2979,448,1,157.99,0
91fae9c4bcb80d27cd7d91cf0309524a,315,1,80.0,0
225e63e9d240db566203b1ed918a809c,697,1,10.0,0
392c8818b71b14227a7c701e7d54a3a1,341,1,37.9,0
82306d8c2a60a3f8485bc30a4cc55822,296,1,29.99,0
50a9a15c4a72d92b385e8da4fad5b6c9,279,1,16.9,0
d251a1124846b199b2cd71d7993c1570,416,1,45.0,0
fdf44162f93c0c3ff3684a317b3d7bfc,488,1,327.99,0
47e7ed66ea0473c633633d75c8aa07d4,396,1,12.5,0
580b560f0f8ae08a6c203ef6c55c9b4f,566,1,48.0,0
a047f5efc31a2997b8feb34f88ab5358,357,1,49.9,0
1accbe9336414c285e66d230d4d1770b,387,1,39.9,0
7a4acd039faaf48834f7af50f57b2d75,397,1,205.0,0
52da369489ce73cfcfce100675196aaf,365,1,46.9,0
69977fd9753c73f986ee7ef391bc96d9,413,1,79.9,0
15fd0aa2c6d4fd0a9b1d6eaeb3df7a8f,419,1,129.99,0
65fa0f49b0dc94ffcba412b2b11336d0,398,1,290.0,0
db5076501cb0022f454d85f4096c6584,507,1,18.9,0
4d498c96e9ef668a8bc1b835cc2724e7,338,1,56.99,0
1554075502074ad04303237019d98182,537,1,119.9,0
af42b7fb8707f6e42736d04d2073e2e2,428,1,89.9,0
f24c728c9920607e93e77ec8cc6dbcb5,535,1,190.0,0
2a06f2f524c0955c0d76dcfbb337e4d8,555,1,20.0,0
5ef9e1674187bbb789140754286398d5,447,1,56.33,0
846601fa8d96ad187eba1cda69816c85,347,1,70.9,0
0698d10fc985e49edcd35ca9d7616dab,440,1,31.9,0
0d792631cb6270d60cb2757de8ef4a90,390,1,200.0,0
05042944408edc1795465efe58536e4a,444,1,134.9,0
f3f9ad393795500a09d55345662b18d5,299,1,49.99,0
4760c4078dcc7863d1973871094b8fd4,290,1,31.9,0
a36f546abad892a0322ac21fda994db1,305,1,334.89,0
28a99e0c7728232233e8a83754222ec7,459,1,79.0,0
a8ae3077efa2862cc09b30ced3b2fdf0,327,1,99.0,0
b4169996e5a7dd05729cdb8a304b2fba,554,1,25.99,0
3623d7f9088cbd2b63887e5c3b40c46a,409,1,16.9,0
54ae160dc850008bb5c8831ac9d81669,468,1,32.8,0
45c30049d2e437e74c58ee897800fb2d,317,1,26.0,0
aee3ba1f1556734cc5f1fdd8ff225054,356,1,59.9,0
182ebbe49711dd49de4fbbdf4a999c10,399,1,547.99,0
89fb6320a3792e16053b1d10ef16456e,430,1,49.9,0
fd529f754085722c53de23e72091b944,393,1,29.99,0
d9dd7b696cb7756e8b1e4114f567b130,322,1,50.0,0
3b762090d7f657343878a178f3c091b5,264,1,119.9,0
9adec6f2bebe335e800cb1cb911bc5d8,326,1,94.99,0
b239b3d65726c187cdd7c52c94254db0,524,1,109.9,0
3109f64ceed4eb5637cec6e6bf95bc09,480,1,79.0,0
f6d97b059c6d1feb6c63e6fb765d0e58,372,1,158.0,0
0957a63bad23ff7aa7cafb23444dd42a,431,1,41.9,0
eaa290405cf65ee6d656ec9c4000b297,468,1,69.9,0
017c61c786dae249f339e690764ec7e6,332,1,55.0,0
283cb910861a29232751c93f3792b246,404,1,59.9,0
5d2199b8c1d82768e7fad70f5f8730fc,314,1,15.99,0
015f170c7abe45372b9f0414d901e71b,290,1,29.0,0
1d8dc0ddca15b95682905c326b2dbb20,275,1,228.0,0
7d4e72092a9be9d65dda2373249e94a4,460,1,66.9,0
93f1158544fa4075589b56a144be8041,271,1,34.9,0
281253b7a0ae8530fa7ab5c1c738d4bf,335,1,10.14,0
de3310643e5dc5aeda6082c500dc629f,282,1,116.9,0
91efb7fcabc17925099dced52435837f,561,1,379.0,0
afd0b9a943682e946e0036c598e8ef7f,460,1,49.9,0
5d2da9cc2b6e9a3091833386fccad629,363,1,109.9,0
df0f9265d8d4d516937a2eddc8c90dec,314,1,82.99,0
30ef8b3605029f284dbb9f498d07c3bd,351,1,169.76,0
4e87a86e491f833e7a0347295a2e025e,302,1,37.9,0
bdcc250d2e298f2078e8aebc97fa0612,401,1,29.9,0
81050b2b79121c8c187dfb112f322ea2,385,1,69.9,0
4c30740324ae749c1370a18aa3fb7d2b,353,1,74.9,0
5e46241a3cc0414d8ee0be4765689c3b,276,1,59.0,0
b3ea92a10fc1b7012b9d0ddcbbda9ce8,390,1,56.99,0
58d28f6749df928db4d0b9c12aa0d331,279,1,49.0,0
a061ea87fe96fc6b177a6201161c7847,370,1,69.9,0
a0701efdde78341b097d00c789d35b97,303,1,15.0,0
422ca11325b9bce3304a87758c2a4bdf,265,1,85.0,0
0e1e99d27fe5ed6a7feaa7072343506c,286,1,172.99,0
b0d033df9e6ba67e76b3cd09ea92d506,390,1,182.0,0
53667cd51563647cf8dda0c45b343eb0,305,1,43.9,0
0ef8f5a3b5666bd832a8b0fc1df8418e,513,1,289.9,0
98948689ee78c179ae79ae579140da2f,497,1,129.99,0
33fbcb38d3009eddfe53b3063c642959,692,1,49.9,0
ed5b66095d753a53a6f462108829b02e,265,1,174.9,0
926bb51421314135d53c077ae76f3a17,468,1,29.99,0
0bbb42a9ca8179ccfce14a11d2afe6de,425,1,9.9,0
43ecfeca9c9b1fb7008e105c473607a9,268,1,58.9,0
ed9090996873e17edecc82040051468a,336,1,79.9,0
720f1b28ca26eef5aea3d1c8c40e8a3c,281,1,198.0,0
cd7dfa92564753240d16519f1590e0a2,450,1,49.0,0
0f8389298d279aa1783f5704e6dfc39b,362,1,183.37,0
21747a07d23ec1345b45e27298d556aa,508,1,69.99,0
357482c4e5b9b6200cc2b37b8a7b46b9,497,1,125.0,0
c735c714dbe80672320182bb48bba3ba,462,1,147.9,0
6d5445cddf56ea4edb5a2540c6fa1d71,398,1,74.9,0
42a3d307922e0b693e68b929f6661c4b,282,1,57.5,0
83fd68d2b08aaa9b1cc965b48f227f3a,328,1,69.9,0
34611ef3763006e0557de9c9e362ba3b,398,1,81.99,0
2329201bd8c3ed28729e118c40b67ffc,560,1,24.87,0
5568b035cb36880273bd32d40c7aaa05,466,1,38.5,0
c7e752293cad3fb436b2263636640014,471,1,399.0,0
c96f3d66f29bbd3bdc317355cbdd8386,440,1,26.9,0
5968cfddb2ef44dc51f45a9f56a327d7,522,1,89.9,0
e5faa97d70e3caa00f3e804c479e9b4d,408,1,31.9,0
8904db4793f88ea3508c678371f2dc70,536,1,15.32,0
96f5df0366df128842849c1d0514bc7c,348,1,35.0,0
0fffb021cc4dfffa9465b66eca7a2b1a,429,1,39.99,0
076aefc14321a07d2e4bc277afea2c77,420,1,129.99,0
03f55e00670ae82dab663c6706b5283a,478,1,94.5,0
79d0029455373fa2185c76bb52b96fbc,413,1,239.0,0
9a0b05cb402e6191af90e38899e9fe4a,477,1,185.9,0
be1688ba9cd8362384fc8cd6615118c2,282,1,69.99,0
64506e4eff925200d674430e79ffdc22,550,1,24.9,0
4e363e6d4fc4031b8c9f4430191e88e4,400,1,50.0,0
966e108168ffea9f05c036fdd0578702,287,1,142.5,0
e50a7c66f180d4c330e1689bc42772ae,271,1,109.9,0
d23e27b448cb5d930eabfe84679e0274,281,1,119.9,0
917aaf420bc9836da7af3ea67743c3b2,275,1,109.9,0
b0fbe1e52a511625dd5b83cc1cf3bdbc,267,1,19.9,0
0fb8e3eab2d3e79d92bb3fffbb97f188,431,1,55.9,0
064e72f6dd03299e76320bd106b803c0,384,1,31.49,0
f724a05a1535adb655db163366241b53,521,1,49.95,0
8fe346bf2e4af73b3752f0bb1e8ea203,556,1,15.0,0
6d633223ab8f4c2153dd08b44d6f7be1,276,1,139.99,0
7fbae1934dd59a12e1a9dd69e7d4d723,268,1,29.0,0
4a4a9d9c73e85e7b8cc15d1d07e881a0,268,1,34.99,0
0b052dec06c1d5bdf49eb19ad47cb630,365,1,112.9,0
d10fb5de0a3fed8a598aa7fd3aa1be14,540,1,89.9,0
741e2994868338c4687bd80612960331,445,1,99.7,0
e9fcb1c22404eb2c263c61a842c23055,303,1,84.99,0
7cdbe3c9809328e8ecf8264fb63356da,456,1,49.9,0
2e5dcf79b225e8d1673671db21933168,278,1,223.9,0
ff20fff170ed80db557b344c839df854,410,1,196.0,0
9b8c8faaf334cf326177267323455cab,548,1,29.9,0
bb3d1731d90afd510cb744f4d2af3c0e,289,1,10.5,0
3826502d225fb6f4086eef48b5ba61aa,341,1,159.9,0
edbb584f4380b94240bb07dfa80b3313,383,1,39.9,0
0103751df12aea8b962cfbcd2b61104c,464,1,19.9,0
5b395bf91614196ab074374d34d68491,477,1,179.9,0
8aee80827a6de496b7fb059944e50318,476,1,109.99,0
7b1af6c1d00a207d73873832fc6d18a4,284,1,230.0,0
5bf730cf1219395b0dd14b2f6d6c1657,373,1,24.99,0
c18dd5e3fc4a3d84f506d34d154e8f9e,444,1,59.9,0
91ae31a48a197417fe33ba44ad1b2ad3,502,1,39.9,0
af29e646c569f6ecdc3c6a6c83a22043,298,1,99.9,0
0aab93bf32adf16dfe1ee0fe02b85675,431,1,210.0,0
ebbe2f9f5abdaaaaad1d0999207e9362,272,1,143.8,0
747f419f11717e7a52d1175315a2365b,294,1,24.9,0
dc0841d3aaec503e855801c36e6b63d0,474,1,189.9,0
a28722eef958f9b0f015483e01b412ba,413,1,89.99,0
602517e0d22bad1e86ec4cc2fa58a147,290,1,169.9,0
2306533ed96be8166f935a6061c2ff01,475,1,49.0,0
ffe7752edcf14b5819058b1948e02f3a,446,1,50.0,0
a5da7637d11ba152cd56fe66d82cf39a,393,1,79.0,0
7c3bbffb69459f6a3663d85b707cd681,283,1,75.9,0
b9f1e76e684a889311467d29722e254e,282,1,15.99,0
d240271b66ca92bd471b18803885d248,515,1,329.9,0
35c636d4e43216044ff512852a93fc48,332,1,59.9,0
83e62ab4d504cdf419c2b24114e7c923,340,1,239.9,0
7cee611a3f3c1f9850014a3e83cced13,420,1,89.9,0
7229cb1e6d07a9106f98ff82eab3f3b0,273,1,135.0,0
6bb300f359b7e1f6bbe1844844d5e7ad,263,1,164.99,0
522c68e146981cace61c73f0c0c29a24,334,1,26.5,0
1be142d1f91c29a772cfdca42a8a4b22,278,1,7.0,0
0e71681ebdc97df774d7451ce1b4bef9,303,1,79.9,0
7107b93604e79765cd9b802ce6315479,549,1,32.99,0
bb148baa21a7909dc588f566d9f5bdb5,559,1,103.99,0
23bbb44e4c2419e01487ce84589e5fbf,542,1,54.9,0
1ea77707c286e5de1d94243406e1fb06,267,1,79.9,0
d7364fb00e5def8b1b6830e605ffc6f4,353,1,239.0,0
d624a80aa123d00e1e78ae655743ac51,303,1,23.99,0
aaf4524283dd8ca4c10416322ffcc499,443,1,34.0,0
d2f2dd210b3dc1fe03676c97f79f8007,379,1,118.58,0
d46eb9ba6d6b75c1dac85b91911fc9c2,335,1,58.9,0
2cf808298641fb4c4c57e40521ea9ad1,378,1,19.0,0
4767f3ef86357503d1047cabfff57309,427,1,34.9,0
7c080c2d5dd47b15522a29575194dbfc,461,1,39.9,0
8a568e5fc88727e82abe997bb4da3857,569,1,159.9,0
25246138ca82ad0dc7d8de03070f2ff0,393,1,31.9,0
70f5d483eefe51368b9e4a4e31a4c2e6,521,1,59.9,0
a4f5d1cac58182ce1e57621d84b9e000,352,1,99.0,0
8855a1f48c0ea03eda049ae80ec56bfb,272,1,16.9,0
f3e45727fafa5c1b70c7d2dd052c11aa,300,1,38.4,0
c2754f1c158e2308eb9c3aa6b3479a44,407,1,19.9,0
3415a0268772d4cd19b0db5a7dec5676,296,1,79.9,0
80da67a4d1d6f824cc24731c437c8591,312,1,69.9,0
6ebb70bb5d1b3228e8aa44b762aa4971,481,1,69.99,0
a69387176d3b3517e3c9f589921063ad,338,1,69.9,0
51f0825aa0364c01e2565658d3a492f1,272,1,243.0,0
7e6aabeda3743baf029985e6d4e8cb83,327,1,59.0,0
b0f2771cc4bc777b3e9d20764007cd6e,509,1,129.99,0
0176190d05dbc46f20484610a0a0e1fb,493,1,289.9,0
9d8a5cdca7bacfcff45ae4e120923b20,516,1,329.9,0
ef7767303524b52097ec3b7f2a0be2c5,325,1,87.85,0
941a6461924e1b62b1dcb2d2b6a2ff18,401,1,205.0,0
8ec49be0447d11c4deb5fcdcf43407cc,300,1,143.8,0
888f5b4fd52695b973eb88fe8ca4e9f3,448,1,16.37,0
81f242fdcd1e2af71fe09b14aedac9e3,321,1,146.0,0
6667ecbc53b645eef5b54010b7264f86,392,1,279.9,0
82ed7c6aebdb7721e9426f254e4677bb,327,1,75.0,0
36e0e119cc6c81d22ec365f13c156ba1,366,1,19.9,0
8e83592cfac940307a4f9b8ec245157d,470,1,32.8,0
9373c4131995bfc178fd3107e618c0e3,523,1,249.0,0
4796d2d1f7f723558d49471d27a03fba,277,1,17.99,0
be0b65649fd2f8f9111e41a56a8c7d71,550,1,59.9,0
6705554fcc2578a2b76b6b1b65df2a75,392,1,149.99,0
6db5f8e9eb0f70a9af987b9c9af4748e,479,1,125.0,0
47f9bd96358d16da13b186867574642a,310,1,129.0,0
6680f380f3c92293b4c6a12435d0ebbd,474,1,98.0,0
8f90c831457ba0cf3172a739494f5640,286,1,1175.0,2
3b74d8b3502e3c66e17463cafb35b89f,41,1,1190.0,2
9fad9ce71bb1d737fa9c826fd773c1a3,498,1,689.89,2
cb8661d6ba07d255d5fe1bb9dae9b79c,214,1,569.0,2
6781482ed74bdebe40ed95e76c965498,272,1,859.9,2
e7b41997217f4daacb88d1bb6161615a,28,1,887.0,2
f4cd46b03c2a57ccee26a2ec82631daf,171,1,998.0,2
7119bf7ae87ab97626bb88f4752bf43a,162,1,987.0,2
60055ae4e5bdcbf7d567809728def6ed,358,1,990.0,2
83176537f63ef9c7510572006c85ac50,5,1,712.9,2
0333a3c96c9fa77a1f291132ecaea177,334,1,615.0,2
a5866077f364490c60818c5efbb47065,89,1,765.0,2
7e6b73ca13a846a38c86885e98a63ada,101,1,1299.99,2
b24c2da84afc32beb53ace42670b8aa4,376,1,629.0,2
91125e290ea5ac87ac36b8a382d4c8ee,520,1,726.36,2
06a2f322004ebb6e68107114e2020afc,337,1,895.0,2
e724a8be5b7ecea71e80b27541edf7d1,230,1,1119.9,2
368a52f8325900082c2cba4895ef2984,53,1,779.0,2
1883e6f6e7da56b180416cbe13ec15ff,262,1,998.0,2
66ad7ed47109246c2c8c9ea0289575d6,83,1,770.0,2
10080cf8d46d43de1133521a8567b153,182,1,1999.9,2
3835ffb159db5caefaee811db9477b6c,12,1,730.0,2
302be2cdf5c3cca66741fd7da8ad5fa8,172,1,829.0,2
fa230c2d335d24b666868f28388e3845,387,1,899.9,2
527f7f3237fb1397c459701bc765b6f0,479,1,760.0,2
318a99e46c2b01163c597b8c142bbbf0,477,1,749.0,2
8d76b559181609308fcae630ea64cd61,217,1,949.99,2
a004a1f8fe9553aaf6e36fe06b52a9d7,321,1,819.0,2
394126d51adc8f16458ead97ff594058,321,1,789.0,2
76b1a1828f95354fe777be7436aa0fc4,309,1,599.65,2
2b886c4905b385599e6d8a117c8dceb4,295,1,649.9,2
a10d0833b21b909913140de0a5575f95,160,1,799.9,2
ff2bb81a3a9531c436759613020fea08,19,1,795.95,2
a1f0bd0037d5074538e8f4ab3b55ed5d,166,1,680.0,2
e557f27be2ff15a34d71e2932d83bea0,300,1,1199.9,2
2d1fbbd5413f3c6ecc454ad1754a7e42,368,1,1100.0,2
0c1cc81b5b8da875cfdefd97955dde75,227,1,669.0,2
4ba684652def961d0506bf2409bfa1f5,154,1,987.0,2
21c0f49b14ee8daa69e5bb84207b9e27,53,1,770.0,2
81238d4299b66d04234593c4a832773e,411,1,1597.35,2
212b7cfb2631b23e85a4645a7cba1733,104,1,2470.5,2
c106df929ba7c1b2dcbf7af4d0d60ee0,367,1,1200.0,2
db28128ac893a0bb264e2a0e93087eba,559,1,636.0,2
e42e5cffaa896ecca5e413413783552a,319,1,799.0,2
095750ddb298ee4c2eb21ef1311b418a,190,1,700.0,2
74a63835c6e5eaef19af58cc83f663aa,41,1,1699.99,2
0de97ff655abfc142ba6fc83e86bf082,274,1,2700.0,2
9266c1162160a9f89df9e70f2597b605,306,1,580.27,2
f90f564603962bf9d6ebac2e616e46ed,84,1,849.0,2
bd8717655febcdf30f106e9f3cb24628,580,1,2199.99,2
1ee27e3ae93ad59224094a4ea0c71dc2,147,1,1699.0,2
e0d866b11c99972acc96a5cfe243bff3,118,1,590.0,2
7de6d654e4d5b71483c3799468bc27e6,18,1,1999.0,2
7f75f185743196f97139443349a006f3,196,1,699.99,2
004df63539fd5e38d4b0a0506de7549c,48,1,949.99,2
8d2fb66164a84b76626513d628bee2da,321,1,1437.0,2
a823bf289185646e289706549dfbb011,282,1,949.9,2
375e0bdb5dfb2610e71cf15f8f421ccb,547,1,1800.0,2
0c8b467d25547aac1b77e6573519f9df,138,1,626.0,2
2bfb5880bfa061bee717d6c3a41c5b7e,224,1,1069.36,2
2ed0e4f6c18fdb9edb131c62afef644f,275,1,618.9,2
6f208bc8335390df9ac13fc05dea345c,64,1,950.0,2
3d3c3a765dbc79acc71ff6c96543b1f7,357,1,589.0,2
ac6b09376dbb997cd8ef1f957a5051e7,79,1,694.65,2
9cde2485320efdd065a76233a3612623,264,1,1698.99,2
5a49489ef92cdd53d89ead5476bd3f65,231,1,679.0,2
95a0e14dee86eb0eeec5263fe5fca796,96,1,1299.65,2
549ba5d32f94af00287a601a42c53ff9,157,1,999.0,2
4fdc62ec0c92703fde661756400e686d,76,1,849.0,2
890428d68645fb2cbb42bc2e46ac2241,582,1,869.0,2
01f6fa760c8cee5fef785c7a73321534,280,1,598.4,2
a5383a6d51465659e9153a2a6045e3b1,425,1,658.9,2
445e36c0849ad359c7b6d99786c3357c,121,1,2110.0,2
b34584b6d24d0f58b1b4ebcfc0cbb0a6,18,1,1090.0,2
96fa3370602b1999508a71f7aa230747,513,1,849.99,2
2dc1f0328505e1db9aa4878e443692e9,171,1,637.3,2
ef3210ff1b594a76939d1b3686e7fd02,117,1,979.0,2
8d870f05bd56056c62d59f4447e4de09,186,1,649.0,2
939550a2c0964d6ad3d9974d3e626d0c,85,1,1312.0,2
f35e7babf3a5077c2c95b2f837d5498e,10,1,735.0,2
a5afb1cd8d3b8126d2d39a7a29880c09,67,2,1148.99,2
fd36ac23e56e7a39e4ea618405fb99b3,173,1,579.0,2
c23625b050d7d34272be416aa7b89aea,29,1,789.0,2
e4faf432d9e4d83058eda07b9b7e0503,25,1,812.99,2
b8ca2e14188d8a3ebd2da5dfccb5725d,351,1,1890.0,2
16b73e9a800062b64782f4dd057bb757,234,1,998.0,2
a1a1c5083998a1ed55698a1b0d005def,128,1,1390.55,2
f05f7e19011117620793abe23ef771f8,384,1,1050.0,2
e21b1d86f24ff6903076a6f4dc686a3e,417,1,630.0,2
7c39dd24356572bc221e519ffda3bed8,159,1,899.0,2
3f6735ffa524249fca1ed65e6f53992b,309,1,599.65,2
a1a9e43decb5941c1fc7f7c5fd507c5d,54,1,1670.0,2
b0d4b589f3a90fd6baabf9e3837282a5,455,1,845.0,2
9057341f069a7cd937c12cb1f46b6e81,338,1,1599.99,2
fb5326fd8dd9f7f52bae66d01fc54936,559,1,1250.0,2
b494e0eadea2128f530bbf6e07c59e32,97,1,659.8,2
07ca2340f294d146e84ae06b1abf1c3c,261,1,887.0,2
cb97135458c20106bf438738fcc09f08,339,1,719.99,2
4683ad127301c1bcbd601a30bb22d2ba,128,1,2699.0,2
a77e0d4809656f1749355c311d3f0027,193,1,598.99,2
8cab5089cf309b5ee530574382dd195f,381,1,829.0,2
c93c7d2dcdccb1c0bed454d8eb247d68,186,1,759.9,2
0dca919196146f24b8e265b534ff6706,35,1,699.98,2
02d2056f0b969ca57a94ae2c1793e3cd,295,1,698.9,2
73269524708916d11bb873c7275e3b33,385,1,1300.0,2
220e9027e82d084db3fad8882094abf2,188,1,733.95,2
1e91dd1551829ea44f53c92f52cd3a16,92,1,599.99,2
8e53779cffd8f7d180756205dfa2bf3f,181,1,599.0,2
d4bfb52232b293647e88915939ceb6ca,230,1,688.0,2
8fad625c728b6a1dbbbba0502c7285fe,474,1,629.99,2
0bee4ef1025816711bd8c531720da011,103,1,1189.9,2
97599f226d383eed46713abef6325439,362,1,1299.9,2
8e2e1d4e6eb761a382c637ac69e70f74,431,1,599.0,2
8a7432d16aec9c2e4e40cdcbca613710,187,1,584.4,2
bfe4720c90117f67140c4cda130f1022,275,1,899.0,2
011875f0176909c5cf0b14a9138bb691,533,1,3999.9,2
27b8140e6749747db55efefa5c960433,153,1,995.0,2
b7a117351f7b0f426a78d5781f2dc328,171,1,949.9,2
b8bdfc9a2e1db42608cef6cd5002e32b,591,1,659.0,2
dd91ca21f65ef2bdc41528faff426781,308,1,887.0,2
32b15895df6710a7c20f648a0a2bdd10,241,1,1054.0,2
0cbfd6fe37a4c1c3248861ece0263dcc,405,1,750.0,2
4ad0a855f1b51a52b45d3a3150fd1ebf,492,1,859.0,2
c114c44566c2d172b520bc3c8785ffdf,481,1,1199.9,2
4550984876a4424451525c6854a996d4,567,1,1699.99,2
974fcb536095266b0620344239af2d66,97,1,765.0,2
0129d48dce554d95f641d01eaa88904a,171,1,1390.0,2
6b8f49efa9b867eb0643ce5cf91aea61,60,1,598.99,2
8f3eef80fef6d26aca45231210bcfe63,521,1,889.0,2
35356c16fae0b391a145686820926bdd,227,1,1290.0,2
145f5c920dcccbb95081ceaa800df82e,332,1,1459.0,2
9a5a9f23141cee3262fae7d4215972bb,475,1,1000.0,2
46d2e80a1ca0ee7a62db0ab302e8b4b7,11,1,1240.0,2
e78981f99d04de4f43f46d261671bf72,569,1,650.0,2
669e44130af1f9e6d3523ab852672374,528,1,2120.39,2
f95378253b32b714adacf7c352db9e2c,264,1,599.65,2
da4cc4e2ac4d719b70b3d98f1733dcce,146,1,776.0,2
548414d4fae122dfdee2518e86d1e5e6,18,1,642.3,2
e2e8726aa21861f8f4e5bbbfa72ff914,568,1,699.99,2
ecdbc4bf2201c807294c7d8c4b777032,320,2,1259.9,2
87bbba8720d775549bec72aaec36ff19,307,1,1199.99,2
2e3991c453b7a3b24907879771ac7818,32,1,679.0,2
3246cc1ffb8b0e719e5ba4db0443185d,122,1,1190.65,2
efb14cc2969129e2d865bc75be239916,438,1,1999.99,2
941f0c3842a0dd4a291b7eee3b535f34,377,1,679.99,2
f8f3ecaf1bfba1d0c6b2152653235d91,81,1,698.9,2
ba216aaf0c96f02b4e2689472b945ff2,239,1,619.9,2
c882c0a7ea97fb852da1578bd6dc3b6a,184,1,599.0,2
031167ec9bd578be0d73db1886891745,206,1,780.0,2
0561577fae5ac90dc55e6ec7755f4823,83,1,879.77,2
03fe4b83d144beca992a5e3cffbdb5e6,235,1,777.0,2
8fe3952a1127c277dd7a83fd5fe96edb,216,1,899.0,2
8f552e7eadcf54aff83af9009e3dd204,451,1,750.5,2
3fc2292112ca0cfe78318b9ce6593e30,424,1,699.0,2
1444272aede9ae28cdb859d2d3941fb9,277,1,724.0,2
36d4ac720e881bac650bec8bb9de57be,211,1,659.99,2
f0767ae738c3d90e7b737d7b8b8bb4d1,111,1,3930.0,2
94de040f16142c2f5f6e399d3a3543e0,446,1,899.0,2
91290d75cda8ff031ec6a97c5e5f83a1,170,1,799.9,2
b74721ba5a1ebdadc2c934e21b7e208f,200,1,689.89,2
e8efd904f5cac24b5419e787e410725e,83,1,855.0,2
342575d13ea66e215cef06d6650a1e05,287,1,549.9,2
5ade76c1b8598f4752607e46984950d5,395,1,629.0,2
0366651462307b0703818560d1472f9d,70,1,599.98,2
eab15a226ae8bfc913d38b4b6a5c1d82,121,1,819.99,2
4a8aec5fe43589b55c4e7f5f1550119a,562,1,690.0,2
a7f2edcd60f0eeb573b439042bcad226,448,1,1104.44,2
a3ff74b5c88d6732e28e24e2ba7c68ec,226,1,858.9,2
0601c193e5eb834eb2a069b7128e20fb,532,1,849.0,2
bc45674ff2e33eeabf20e6eb7accc4a5,260,1,1340.0,2
10df10fefd52ed7458c5fec71398162b,311,1,689.0,2
1cf2f742188fbab50c048fda206afbdb,235,1,998.9,2
abf410b2ca80a64cc2836e9f2d5d2ee5,159,1,695.0,2
6b18bd1ac98f8f5265594f0cfcbcb30f,24,1,795.0,2
616ba0a640b9ca4807cf2f2ebc024c87,247,1,599.0,2
1d992273db84f17d7ba6dca237fa733b,286,1,649.9,2
c33e87f964dd578b02f7208c4bbf9260,183,1,799.0,2
a0a261a0b673cc7dd5f7d34e80023ff2,385,1,890.0,2
d6bc9f1074044a4e8acd75dba0f9bde2,480,1,633.14,2
005226be8d5b972d0f72b4e8a79f322b,154,1,1561.0,2
e74798a6dc456b7adad5ca54412e54ea,463,1,669.0,2
101375bf617fd60c9eee42f98d9a73d6,8,1,999.99,2
f62c860473cbb51bca3cac597d7b4d27,173,1,1199.0,2
7148ddba42a13e4286fbf06a8d66c2b6,238,1,700.0,2
d1b6bbb5ce2d0d1b5e5aed73482ede19,310,1,1340.0,2
f979c9d4e25cb1df2e513a3e498b9505,233,1,689.0,2
f1fe2c49ea8099e0e531fd905a09c6bb,428,1,783.14,2
fc73438d7164cec52a643a09b10b503e,148,1,1106.99,2
810581f011b77fb9ffb69c1c6d3c55ae,109,1,829.0,2
544bbae01f9405564f40ae1af55cf9d1,184,1,949.0,2
de9d54251e6daa7a7ed87d40be1c4bbd,360,1,610.0,2
f774a1b6de038bc38320ec8751c6df8b,30,1,658.9,2
78110b00006c6033e83ec0e79ade3081,237,1,1350.0,2
843e48262061b0b390b99a05b40ab0fa,454,1,1199.9,2
0a8ddbf973510e50bdbfd4300dd90385,424,1,1625.0,2
797dfdfe7186f9a2d613ae341c170713,134,1,1195.0,2
a653a5d5213316bdf59e94dad3485582,31,1,735.0,2
9a3566c1e9c0ebeb94fa81302533beee,322,1,690.0,2
7f9bfee0390154778b2d2c4f06b50c14,106,1,999.98,2
da2197ca46dbaebec38382538105c8b7,119,1,670.0,2
0a834292f8691cb3cdc64caf600c61c9,303,1,1050.0,2
e279ede4d0a73bc22e97ce519415dcd4,302,1,599.9,2
69a96af4277076a11bf7a49d27d867a5,368,1,1300.0,2
06aba183cd0d3861cba60604ec558c01,368,1,1200.0,2
031b6bf06cc2c9391a8a403cef221a1a,472,1,775.0,2
141b3509663d0e6c8735da7d62fcfe16,261,1,1749.99,2
8be5c6cc1011c8a882d3bac857955b3d,190,1,1314.99,2
5f7f0d66e0f4c4ced578a53f2e0b2264,362,1,1199.9,2
227470d09f55bb503c07f9450457ff2d,289,1,639.9,2
237beb4b0ae00c80268b9b894ed3f65a,188,1,1899.05,2
41ef6bfcee3f50fe3d886cf23a0e2481,557,1,1099.0,2
d645d2b70af58a980678573128c9fd28,34,1,859.9,2
8e0eae873c0019e01182099a1c497b79,515,1,699.99,2
8b1d0f7df6c92a1bca09df712b662469,387,1,639.99,2
2dc92af471496ca347e530172e0979e7,192,1,878.0,2
a9f230e1e5804e42b363930ef31b6f7d,441,1,590.82,2
1998449253c1f197265245e933ea21a7,123,1,589.0,2
e0f72dd568f51e13668fcbf2aa740161,228,1,887.0,2
a89048adcf866e02bffee7122269f5e0,48,1,795.0,2
599f1549623f622cb0d46bc32b00332f,485,1,990.0,2
15072151aa98cf4ee2cccddf6b87f080,222,1,599.9,2
080da170b6d87c6c6e261c68e1673320,62,1,599.0,2
d77aa95864ae5b42160937615628723a,369,2,2400.0,2
89f999ca4a3527965db76038ffd4bcdd,33,1,812.99,2
d5340d65f40498ff9e47f7772081ab39,241,1,599.0,2
16746cee4fed07f5ae8dafc90fc0025d,188,1,598.98,2
16b055e92a09172ee0639d5c5735f6da,148,1,589.0,2
c3d0ee564fc089ca29e86029511c3d62,220,1,1089.0,2
e7ed4f9558a25b5403b41224518d052a,152,1,1648.0,2
ea090d86f17ad29e99d52f69a92a95f4,403,1,690.0,2
452afebe487ec1030b322915f4daf2eb,434,1,899.0,2
70d27d9eb0678a4ddd8b3d5b0cf40d96,474,1,689.0,2
c9c0c82af514e815fa47534f71113ebe,512,1,975.0,2
58c0ebd257150bd320c2eba5a4b5354f,176,1,589.0,2
64b97e6d3c070dd372d6310ff2c632f7,297,1,1340.0,2
361dc89b24a5dc808b2803a1ac33ff3f,137,1,1476.3,2
77dc1d016a6ff92c1eb364ecb3cc6aae,547,1,1375.0,2
d646ec1a438d3c3436dcbbda21849479,107,1,699.99,2
bb68ab36f08cea9dece50c4d5f63e1ca,63,1,830.0,2
8e323c75fdec6658ed2933b3f2ecc33a,117,1,1069.0,2
0cfb94f148a3f7b02123e6f64e6674f6,228,1,1399.99,2
f03553cc2a5d9a0d2b945ccf7f4c54bc,243,1,679.12,2
2ae8173a688e326821403a5b7a6858c2,531,1,2999.89,2
6953415c09b04d944a7c598bfab4c236,75,1,899.0,2
dba6bc21c57ea947f85b3c17b6b409a9,281,1,699.0,2
083744765db229cad6129488fb24a17c,125,1,580.27,2
95a744604de66a2e40e18086e69be4f2,58,1,3089.0,2
6a07a082ced6f7438fcf41e4a2ffb25a,270,1,699.0,2
314b61600e5228a9dfe7623fd25ba846,584,1,1299.0,2
d6a9038cdf4315dd3d12c01ff8ce32b4,162,1,799.9,2
8a2507b280078064818431d59fe2031b,382,1,699.99,2
53fb3435773a4690e56010b169ee2820,205,1,3099.9,2
63923c0ec5cbc6893736efc26df5767e,27,1,1309.0,2
994e2b50ade6ead19626283999638f25,83,1,1890.0,2
e0f902e5e7b9818dc9b7f34eaffb6932,86,1,662.73,2
a43af8fbe622cbe4be01322821f61145,171,1,1700.0,2
1d9ec2bb9468c092658db37f486e4549,135,1,580.27,2
7386ded430d6aeb715a0d087c38a2dfe,171,1,2433.6,2
5c67e973d6435e4012451892d3aadd81,120,1,647.0,2
83e3a28d162486ffd4e99bec3a57f491,155,1,572.9,2
341b6946aa6278284d3986112c43def4,109,1,579.9,2
6928d347dd148caf86b90a3a98f9c324,487,1,799.0,2
08d4a52e91433741a01c445badbcdd17,522,1,664.9,2
c11f76d3806da64a4c64ea47627444e2,120,1,1693.0,2
e291272db5bd3070bfd6497432223aed,425,1,889.99,2
c1cbf369357710c2d505dc826e12bfee,285,1,699.9,2
a5a5874771d6f2d23d5e6134e2dc8015,335,1,845.0,2
69d93815c9ea08e83377d78cb088a295,361,1,1299.9,2
c73d2b2188ef66c3afa2b60f5a4f91c9,524,1,899.0,2
b845ca585648feec8dccd229c0ce48ee,102,1,980.0,2
985e93167edfb07618a16a7b9c12c75b,246,1,1399.99,2
7c82b91749355c6daebaada73da54e2e,583,1,1999.0,2
2afdd8696b6603472031594893aa7027,185,1,699.0,2
3f9bb1cc786f6a4ecfd6b3d868d39357,13,1,650.0,2
e105dec92cee6465244879914c792707,179,1,1005.63,2
26cf7ebdf7d1db7f8428cb66f933e2bd,354,1,899.0,2
05292bc3f6db7fd79133285a32a82d53,174,1,1199.0,2
1033eef37a760a832f9b2332ce23fdc5,361,1,1299.9,2
8997e8dac4a5c920e4102579ac0633bf,221,1,597.9,2
3c7e305796add66698959fc7ad176f6b,341,1,895.0,2
923c196bd8ad794e9d13679e356c43df,353,1,1649.99,2
cddac5b56ee65e6ece087d94b26ee6c8,117,1,599.99,2
a759a9247088f5af1a7f00ddf6d95133,282,1,899.0,2
b77d9287064d0c8130947b0c84166a76,584,1,689.89,2
1b0c62f19854c51d917f23a6d38df495,559,1,649.99,2
dbcaa85549e75eb5041ea943df551745,346,1,759.9,2
4753f636cd4b638747f560aef48855cd,229,1,689.89,2
f4f1dcb7c6a5af10ef0aaae0391969d6,33,1,650.0,2
9cb59104da2858f0ed4ddc7b9d331f7b,44,1,647.0,2
d4930873c7f53172c1af8ebfcd9aca8d,508,1,793.42,2
f61d858404cc299afb3a89451a92f91b,366,1,1300.0,2
5760ee6fa1818011681a52e8fd4375bb,242,1,599.0,2
9ae9df4d1b92f1f5d6306a4267f3a4d7,180,1,589.0,2
f4c57f34e3dc2a6a23a529cf0ff17ff8,224,1,1599.0,2
00c07da5ba0e07b4f248a3a373b07476,37,1,2258.0,2
3dd0e97ea668c962fb9a7383677bd83f,400,1,849.9,2
761fb886f61539123668aaa3b750033b,256,1,1009.0,2
2dd8c83749f732901a8c2dfecfd00711,364,1,699.0,2
3baa1dfebd3d28ccc8cdbf5d9faa7602,82,1,2090.0,2
b0e6870a2c0f7a96e18c84c02da14f94,534,1,1380.0,2
5531d719e72f20e61f0cf4a4ffdc8f00,165,1,987.0,2
a7ca51c5d161c34444a45ff503b78b0c,146,1,599.0,2
97b31571caebea17fc4d600e3a24cea6,154,1,799.0,2
3e45a109987cde39a119cd1a7eade7ea,369,1,1200.0,2
79012e6f4c5ec98843e88a974f6272e4,94,1,879.77,2
a2d396dd46cfb15b4bac087f6a9ad555,310,1,945.0,2
01ecdc37f767e85f5b3fd2310a289253,19,1,659.99,2
e00a116db9bafed27efa96cb571aa7ec,118,1,899.0,2
5897410e62336f05afe673aed70c88c1,337,1,899.99,2
1bd5ffb847db8a89dee6f626e863713c,305,1,699.99,2
4833d5607f30e40265ccdcb21b58b7ad,141,1,1359.9,2
d97d249adb08a313a18cbde00620769a,171,1,829.0,2
6976991546a290faff14b82abaa65779,260,1,599.0,2
616dfcfd995ac141266ea0c05a2f72d1,382,1,829.0,2
99c2432f032d3025a9bce64f35cdd72c,63,1,855.0,2
5fcec12eaf737cdb2ded91e81f1dc266,426,1,680.0,2
84d94df6465a4f0bfaa4e94d45f236ed,57,1,795.0,2
7e251bdcd9072568271fe5b5b824b6be,364,1,1499.99,2
5a75e523333052454f36e015d286e376,293,1,559.99,2
be825ddd3b40db3f91bf05b4e9435d56,83,1,730.0,2
f3c029ccbdd765b8e63b881af42f3d4b,158,1,1775.9,2
ef02772c6dbacb749bd154d94ac2f1c5,123,1,899.0,2
61e6adf3c4468005ccdf21ce63f14e73,165,1,1054.0,2
0a21ab24d6a5d516c803660f308e1dc1,229,1,569.0,2
d6fb818d72390f4d7bedef226f3e954c,282,1,559.0,2
5113d06fbde1e82a393b527636c90b5f,274,1,899.9,2
8d434defc893fd9ac17fabd1462cbce3,109,1,1799.0,2
64fd3945dc867912231b45f537215126,144,1,839.99,2
d409c5590a75603ae1fe24d66d5008c7,193,1,1350.0,2
3b19e6a1c2fcaa5955cfda05706faffa,151,1,699.0,2
fac9eb2c3c550f64f779646726710b59,232,1,1599.0,2
d61c923fff01b0e448672a2159ed5757,468,1,1799.0,2
e6e1fd539bd2d78fcfb9c24ba6e1dcf5,89,1,1005.55,2
6a71207bf8784292ad3f6e107ab57755,75,1,2221.0,2
fb71ed60806ae68abb00194fa02647a4,20,1,1199.0,2
0ebc40ce04a3c6446e64a6e7cb2835cd,146,1,634.4,2
a8d1e9936a5361e2547acf93dd4b8bc3,214,1,880.0,2
b3b88dd09a2e459156e993cdd8c69832,256,1,597.0,2
ffba9f9dff87b05e310ecc46c8591044,552,1,1591.2,2
9192e3c1a19dff9d0fd083d2d1a08398,334,1,1156.99,2
52bbe472f9c44fac7a108b9b3d70faf4,130,1,899.0,2
d7454b8fa3a458180e8089a093cf1718,257,1,559.0,2
6bf5a8a19e059bb59b610d8a71d0c2e9,257,1,621.91,2
c26193152447646760844936b39e08f7,19,1,712.3,2
9f2edafc17f2d2141c6a7f63d0119cd3,301,1,598.0,2
f546266e401753c3e88d310dd5843d03,105,1,849.0,2
71c99dc35fee93881af2d5a1edb24442,188,1,1499.99,2
0e778dbac6343a7e665c5904d1f5c915,19,1,899.0,2
24e998dbc3458fe7b77b370e6d10ba57,276,1,1400.0,2
72687c66ab307503655f6e71d8ccd1d6,14,1,749.0,2
ed91e29ad9cf4fad5935469b0e91e792,83,1,849.0,2
a78a4ad13c69eed63a40707caaf80337,155,1,637.3,2
6532316a8c1a7c7a569482db073530bb,13,1,730.0,2
b5585a338bb22b66f02541df26cbb9aa,90,1,1499.65,2
038a113bd44096b673f1071b5f39a587,468,1,849.0,2
6c2dbbeb634605dc4cf25ce12ab038c0,287,1,1106.99,2
f5a6aeb6cde01fcf0c35caa3347973fa,557,1,869.0,2
f3b7aaba2ec5e60963dfe3bf537a54e0,74,1,1269.1,2
430f484aaec4eb059a1d074f4b0ef762,303,1,1437.0,2
2c5bafa2e3d48ca7b446921b05d7f5f4,508,1,620.1,2
19f190b5d6d5121c8c6d2aecf2c7d98c,122,1,749.9,2
fdaa290acb9eeacb66fa7f979baa6803,695,1,1399.0,2
a1b01fabc8021bbbcaf914595e62cc10,185,1,999.0,2
876bf8c186da54edf439c9037a5760c9,167,1,599.9,2
c3cfaba1449b1a6759e7e02413c24bea,314,1,799.0,2
9dc7e983a9dde2b110ca06f7547d6b5a,363,1,1299.9,2
bfae308e6d9e12d90ff670ed4aef08ef,15,1,799.0,2
1579133af5d1fadd0e5e37ec439ed1ec,122,1,949.0,2
720d84aae6eca7bf195d5fdadf69f88c,180,1,589.0,2
b92a2e5e8a6eabcc80882c7d68b2c70b,697,1,1199.0,2
932ee9a016781b9ae7332cf281d75d2c,150,1,579.0,2
f085d32f56ff8cd1c24ea9eb43ec9edc,270,1,1098.0,2
e79c794eb044c594d923722240125052,38,1,2199.0,2
c4fe6661ef9df9a77a16c780f696ed19,124,1,590.0,2
b4fde3f3fc1d0fefcc047c7fe0454c93,188,1,1055.9,2
b412d9b6c1eb770f60485429dcc18059,286,1,750.0,2
d847d66f1135608cc13cb31f967f902f,76,1,1189.0,2
961be53c93407b4cddab85a80467ba6d,498,1,669.0,2
2ccfac3d2d47192d87f701dad23f82af,299,1,914.65,2
c0290b1feb7aabd93bb97cde3a0e8a58,97,1,1100.0,2
c4c35b9d3d1e2564334d3154ff7d28a5,31,1,1150.0,2
ccd33372e4b64689c64e1b37550f6666,328,1,699.0,2
b8521fd4a5dbdf907f969af459a46838,492,1,1653.88,2
0d27fea6fcc6a35693bbbe15b9984313,164,1,940.5,2
cde21887e86a254eab4799aec212b7b7,299,1,610.0,2
bcda0bcfa22066b5ff6a6b334e9e5cb3,181,1,599.0,2
d57588ebc4ba515d988842c032981845,262,1,714.0,2
fd1159c8475b7f543ab1be4ed6207869,282,1,779.99,2
ca1c7b496a7a43fff06ce5004a13be11,304,1,599.65,2
cd89e1b4b06880d8ea145f4b3da8e4a5,484,1,1697.0,2
cfe81af64110c8dc0d10459aaf9e3864,465,1,1197.9,2
f012b339d79831fed338ed7a1d256bca,134,1,1299.0,2
91049771b745aa43500e4c82ed6a2241,45,1,630.0,2
be2f2a80a6cfb6001c403b7a01c87db6,435,1,990.0,2
4e28016fafca508e9c6d9eed1a23260e,282,1,549.0,2
d4905d4ebbdae57e9c242c7ab2c57cc5,392,1,899.0,2
44e672b6b024306dcda61f892b3236d3,150,1,799.9,2
d5419994a02a55d4b7cd00e77fabdbae,270,2,1140.83,2
42220e1308d3a09f7b81ccd9b435f3a9,84,1,579.99,2
0228e299d1cabeaf9be64b5ccd784c97,408,1,1099.0,2
b8aced29a3e644673b246ee841e8e1a3,356,1,690.0,2
689037cc14fea584c0cf9ef5a5ed7d84,429,1,598.4,2
ac0ec8bdce394d27bc6c91549f2b5091,282,1,1699.99,2
01b466cc9a9e663eb04f4b8890dbc5f1,325,1,799.99,2
5b83a6e579043f9d293af671b3fde86a,302,1,559.9,2
efc183995f386c0c6b4287b15589c310,317,1,610.0,2
c27fe69be20acb0c44a690e39d19ec07,103,1,1189.9,2
4a822609f184b947082c91789ab04512,347,1,610.0,2
71a06ac25e00c414c23e1cd105a2b1b5,498,1,999.99,2
df7d44aad1186078052f3423b758bfaf,160,1,836.99,2
a1044dd75b74fbc485b040575a14acf0,256,2,1631.0,2
27f804545d7319ff0e9e0d84977337c1,238,1,599.0,2
81d8bf17c9e450228efeedd2603edfaa,433,1,2649.99,2
f50b0ade21665c5b41d8d1db10ef9932,263,1,699.99,2
75129ee941b3624b131f8dcadf3f4d56,145,1,599.0,2
cc6197eed38f9568999014e872eb432e,104,1,730.0,2
5598995788d932aa2a2db20d45187139,180,1,718.9,2
7721bc1f0b8910122bf9b46c59922fbe,177,1,749.9,2
c06c4cd7b04f7a00770b273e06452f6c,233,1,623.0,2
89c30ea5b944b5c2fcd5847c806108c1,188,1,750.0,2
26e390cc5f19cc8c56c217fe5f6e700f,298,1,689.99,2
2d48cce6ed77d4963cbf11a7bbc979df,476,1,1086.76,2
9eaf3cad24842d2e76c376119e26bfa8,474,1,889.9,2
7f7e4fd22c2dd6ef9fdbf6431a6878a0,11,1,959.99,2
9d52717b5fe37e465b6ed8b12795e903,92,1,765.0,2
5a7881e38b4a49918a70658e1dd42a09,551,1,1890.0,2
37b724372b14d67a4296519f579d8697,379,1,810.0,2
2673ed475f648cf08deac9bb9c1abd0e,309,1,599.99,2
d3fcacda5a49565a7c1b8a6c0e03bb02,163,1,867.77,2
7b3a9396e5e5750ee23a07ee6e78c107,422,1,699.0,2
55358388564c39b1d171621395ea2544,213,1,689.89,2
14c51209471ea776cb9c1d24ff6c4d71,143,1,899.0,2
088bf76cf4381f8f43e7be30e6635cb0,548,1,649.0,2
5e3c05ea00cc825916772ae2891d4749,341,1,579.99,2
fb35ceaf4fc926eb1060690896bcd582,206,1,740.99,2
77c404a3e8a4ee3808befcc4663ac123,175,1,1648.0,2
970aaac1ef55c68b39ca7369783d58f6,268,1,599.65,2
e6b35f5adf571c37cbfdfc16e8b3de8f,345,1,659.99,2
23622d8528b2fcc0b4a2b03df2cdfbd8,402,1,787.9,2
1c7267f397e6ab4a4bb183b27dc65e92,534,1,1300.52,2
4d64fae536cbb332a2a84c3ee7a8f3c5,231,1,699.9,2
d9f9ec2e8b0b960bb670070fca4d6274,300,1,629.0,2
6cba2fea42066c8781a30cd92826317c,131,1,1890.0,2
d8df92f0b9600ee7c8602495c3d54bca,381,1,900.0,2
65fa3afefabe02a33f88a6c0c7c17867,598,1,755.99,2
013a435769899074c568863694560449,159,1,987.0,2
dc4802a71eae9be1dd28f5d788ceb526,567,1,6735.0,2
d85547cd859833520b311b4458a14c1c,450,1,788.42,2
37ae7c58b4be022ce76874059d56d998,75,1,634.4,2
895617ab63a9ad8881d9470f7427cd25,332,1,2999.99,2
481a3e4c07971c950ac25f7317ac421b,54,1,594.9,2
cefd6be81dff1a0730ca138fdf714f69,240,1,759.99,2
bdd88e5f6a6810d95baef27f2f6055fe,334,1,1599.99,2
32d935537fb268d349d5d14d7e778a2d,170,1,1199.0,2
8239011630c4a5ab0b13d19d0d39fc7d,33,1,650.0,2
25d558c329b841732700cb45b86260cf,69,1,2160.0,2
03796b63235e0e0a299084988c662c7e,558,1,3549.0,2
391addf14a973b787a32aeded9b3ef24,320,1,629.0,2
cd9a044f87d915231595e7fd53afc858,232,1,579.8,2
4297601e222fb22f81e6fa0cb596c4e7,217,1,598.99,2
af8569990cc48ad6c010776bf9c3986a,131,1,1165.97,2
41deb1284b6550426194070a1ea8ba32,387,1,1380.0,2
86f44dc0c704ff00e833ebe179b9641f,165,1,989.0,2
a84c3a73077cee66f6b30437cf6c921c,364,1,699.0,2
c035cedb61d638d3e8b48521a714a86e,304,1,599.9,2
ecf191d9e1cfa4d03cb300297efae837,295,1,689.0,2
db3d2c340a500126dec4308cee9135ae,320,1,1004.99,2
f937a59ce3711b1cf5bcb7491fadae10,87,1,1234.0,2
773a26ce6d1852777caa605d17f46f82,172,1,829.0,2
d51e51bc242558e707476b648a5b14c8,139,1,614.99,2
3d16152c514410c047904cd433439892,378,1,1597.35,2
a05262e3e3de722e0a42cfa3b48e622c,87,1,670.0,2
16af33547f0bdd828eeff2bb6c38b481,391,1,799.0,2
5f2f6fba74de007241fedfc485b72ba7,149,1,1050.0,2
abc481fdeb66223f47a7d59b78e065fa,82,1,798.9,2
4dd678b3eb5be4a5589f5566ec386e09,78,1,820.05,2
875494cee8ca0aea8a8de2bd84e67086,434,1,899.0,2
7a194525c5d606a95cef522ddf60561e,425,1,699.9,2
6ee4074b0724daf14e0139782d157a27,492,1,700.0,2
613835be7274f39d246f0c9c264ca132,229,1,1997.0,2
f962acaaf9b23a9b3948e34431f842c1,200,1,857.77,2
fcc4e7b7fcfebc7204802b5b797bf993,23,1,659.0,2
3a52bcffd7c61ceddbe72f54df9cec5b,401,1,1199.9,2
fb99cfd55992fdd347a3481dfb26c4fa,364,1,610.0,2
c64d1b3962455c8ad443ecdeea52afeb,271,1,998.0,2
fec0dcbfd223398c1e3fbbcdc38a1a68,528,1,725.0,2
3f2f5c51b7b76041f4603a33094928fd,37,1,855.0,2
f28efe52152019a633891bfdb679886e,75,1,659.0,2
fddb81302fa13caa643a9ce680ba8ff7,250,1,599.0,2
41c3c9562b8a80d747fe2bd3c749640f,291,1,1038.0,2
292f894d036eb8f6a61fcaf316808e02,285,1,749.9,2
f7530477517d7fe88e4840b95faa5264,364,1,719.0,2
b49bce5690603fca67082d3c8a27d2c8,330,1,1035.09,2
de4e3ce43bd5085fe445e08c68b950f5,162,1,1299.0,2
de819348a45ebdca4293e9d4fd1c2894,202,1,618.0,2
5d09b0d82126457e2a8ebfb9c9a1ffc4,569,1,3699.99,2
196fb9c6acb3d8e681f6691d596a21fb,222,1,1849.9,2
04f1fd1b75385fd1c7b6de018e0c4ab3,472,1,789.99,2
ead67853687963974dfd6a3c23072deb,100,1,579.0,2
af366f48405f787edafa83d61e9ab5c5,445,1,1999.99,2
